name	kind	formatted_line	heuristic_line
rV	const	31	49
rG	function	88	114
l2	const	97	122
sG	class	113	138
Nt	function	279	341
vm	const	282	347
vr	class	430	495
H1	const	461	544
tA	let	719	802
Rs	const	720	
Y5	function	722	
J2	function	750	
Im	function	753	
DV	function	756	
VV	function	759	
Is	function	762	
NV	function	765	
OV	function	768	
zV	function	771	
UV	function	778	
$V	function	785	
WV	function	788	
HV	function	791	
qV	function	794	
KV	function	803	
jV	function	806	
XV	function	809	
YV	function	812	
ZV	function	815	
QV	function	818	
Gt	function	855	
x9	function	875	
kl	const	895	961
B2	class	921	987
s5	class	1149	1254
H	class	1575	
V7	const	2003	2088
W2	class	2005	2090
N7	const	2267	2342
yG	function	2268	2343
go	function	2272	2351
JV	function	2275	2354
iA	const	2279	2359
qi	function	2280	2360
eN	function	2283	2366
tN	function	2300	2383
nN	function	2307	2389
rA	const	2313	
iN	function	2335	2400
f9	const	2428	2494
Z5	function	2429	2495
Ki	function	2434	2501
O4	let	2437	2507
rN	class	2438	2508
sN	let	2485	2566
km	class	2486	2567
O7	function	2526	2624
oN	let	2540	2639
z7	const	2541	2640
D9	class	2542	2641
Y2	class	2762	2878
aN	class	3183	3255
nn	class	3309	3423
AG	class	3314	3429
cN	class	3334	3454
R4	class	3347	3472
m5	const	3600	3761
U7	function	3622	3783
lN	const	3634	3796
yr	class	3637	3799
w5	const	3738	3931
uN	class	3745	3938
v2	class	3920	4173
W4	const	4749	4848
o5	class	4758	4857
bG	class	4917	5036
fN	let	4946	5065
cA	const	4947	5066
Me	class	4961	5090
mt	const	5435	5655
it	class	5448	5668
MG	const	5602	5852
tu	function	5754	6012
r9	class	5767	6030
q1	const	6081	6337
wN	let	6083	6339
oa	class	6084	6340
d3	class	6461	6858
A1	const	6511	6906
vN	let	6513	6908
_0	class	6514	6909
xG	class	6715	7140
SG	class	6720	7145
M1	class	6725	7150
yN	let	6730	7155
Xe	const	6731	7156
t9	class	6737	7162
pA	const	7248	7739
D2	class	7259	7750
AN	function	7419	7916
Qa	function	7434	7938
aa	class	7452	7971
ar	function	7539	8058
ce	function	7567	
bN	function	7575	8079
CG	function	7580	8086
MN	const	7588	8096
xN	var	7589	8100
$1	class	7595	8106
a5	class	7672	8235
yn	const	7707	8268
Z9	class	7710	8271
Y4	const	7836	8397
CN	class	7838	8399
EG	class	7928	8501
EN	class	7941	8514
T2	class	8023	8615
TN	const	8028	8622
ru	class	8029	8625
Lm	class	8185	8820
Pm	class	8204	8839
D1	class	8225	8860
_N	class	8277	8921
se	const	8350	9005
Ll	class	8351	9006
TG	class	8541	9208
Q4	let	8568	9233
Nr	const	8569	9234
GG	class	8581	9246
t8	function	8655	9341
J9	class	8665	9354
ou	const	8675	9368
D3	class	8678	9371
A3	const	8752	9469
BG	class	8755	9472
IN	class	8869	9592
Pl	class	8879	9605
bA	class	8889	9618
RG	class	8896	9625
Ar	class	8926	9657
Vt	class	8979	9715
kN	class	8986	9722
LN	class	9016	9750
ks	const	9040	9772
PN	class	9056	9792
FN	const	9102	9864
br	class	9103	9865
b5	const	9137	9904
DN	class	9138	9905
IG	class	9143	9911
VN	class	9274	10059
ni	const	9343	10135
NN	class	9344	10136
ON	class	9402	10215
zN	class	9458	10281
Fm	class	9480	10300
UN	class	9576	10393
MA	function	9584	10401
$N	function	9661	10478
kG	function	9690	10522
WN	function	9713	10550
HN	var	9802	
float	const	11442	
float	const	11443	
vec4	const	11444	
vec2	const	11445	12312
vec3	const	11446	12313
vec4	const	11447	
mat3	const	11924	
mat3	const	11929	
Wz	const	12383	
i8	const	14030	15230
CU	function	14033	15237
EU	function	14178	15398
TU	function	14437	15699
_U	function	14472	15749
GU	function	14562	15821
BU	function	14628	15909
Bi	const	14666	15958
cu	let	14671	15970
V3	const	14675	15974
EA	class	14690	15989
IU	function	14935	16273
TA	function	14994	16362
r8	function	15003	16369
kU	function	15006	16373
_A	function	15093	16474
GA	function	15123	16508
Dm	function	15150	16542
LU	function	15208	16600
PU	function	15260	16669
FU	function	15316	16716
DU	function	15382	16802
VU	function	15422	16859
NU	function	15459	16909
OU	function	15536	17009
LG	const	15569	17044
Mr	function	15579	17054
T1	function	15590	17074
_1	function	15595	17085
k6	function	15598	17090
zU	function	15604	17101
UU	function	15608	17108
$U	function	15618	17124
WU	function	15637	17148
HU	function	15651	17166
qU	function	15662	17184
KU	function	15673	17202
jU	function	15684	17220
XU	function	15688	17227
YU	function	15698	17243
ZU	function	15711	17260
QU	function	15725	17278
JU	function	15729	17285
e	function	15739	17301
t	function	15752	17318
n	function	15766	17336
i	function	15776	17352
r	function	15782	17361
s	function	15788	17370
o	function	15794	17379
a	function	15852	17437
c	function	15855	17440
l	function	15859	17444
u	function	15863	17448
h	function	15867	17452
d	function	15871	17456
f	function	15875	17460
p	function	15879	17464
g	function	15882	17467
m	function	15885	
w	function	15888	17473
v	function	15891	17476
y	function	15894	17479
A	function	15897	17482
b	function	15900	17485
M	function	15903	17488
x	function	15910	17500
S	function	15917	17512
C	function	15924	17524
E	function	15931	17536
T	class	15989	
_	class	15998	17603
G	class	16008	17613
du	const	16020	17627
FA	function	16021	17628
B	function	16024	17632
zc	class	16042	17657
DA	function	16076	17700
R	const	16080	17706
I	let	16081	17707
k	function	16082	17708
VA	const	16095	17721
L	function	16096	17722
NA	function	16111	17744
P	function	16131	17762
F	function	16140	17771
s8	const	16172	17801
D	function	16173	17802
V	function	16186	17815
N	function	16195	17822
O	function	16204	17833
As	function	16222	17857
OA	function	16225	17860
zA	function	16241	17864
z	const	16249	17867
bp	function	16250	17868
U	const	16253	17871
W	const	16269	17885
UA	function	16271	17886
H	function	16274	
$A	function	16282	17896
q	function	16314	17927
K	function	16325	17938
j	function	16339	17953
X	function	16343	17960
Y	function	16359	17977
Z	function	16370	17989
Q	let	16791	18379
J	class	16792	
eW	class	16834	18440
tW	function	16839	18447
nW	function	17266	18962
iW	function	17286	18992
WA	function	17297	19007
HA	function	17306	19019
rW	function	17385	19113
sW	function	17404	19139
oW	function	17444	19194
aW	let	17485	19238
cW	function	17486	19239
lW	function	17494	19242
qA	function	17749	19500
uW	function	17784	19537
hW	const	17803	19563
fW	function	17833	19593
pW	const	18041	19825
gW	function	18051	19835
mW	function	18681	20584
wW	function	20266	21699
vW	const	20415	21984
AW	class	20441	22010
bW	class	20481	22059
M3	const	20885	22511
xW	function	20887	22513
SW	function	21107	22819
I4	class	21273	23022
s2	function	22811	24498
L6	function	22817	24506
T	function	22833	
Mp	function	22836	24541
CW	let	22840	24547
EW	const	22873	24579
VG	function	22874	24589
Ri	function	22877	24592
TW	function	22880	24595
mo	function	22883	24598
Fl	function	22888	24601
NG	function	22904	24621
Vm	function	22907	24627
OG	function	22910	24630
_W	function	22931	24665
KA	function	22962	24702
jA	const	22965	24708
P6	function	22966	24709
zG	function	22969	24712
GW	function	22981	24724
BW	function	22996	24739
RW	function	22999	24742
Nm	function	23007	24750
fu	function	23038	24804
UG	function	23046	24823
$G	function	23057	24854
XA	const	23074	24877
pu	function	23075	24878
IW	function	23079	24885
YA	function	23158	25005
kW	function	23175	25022
gu	function	23213	25051
Om	function	23230	25066
LW	function	23236	25076
PW	function	23258	25104
ZA	function	23261	25107
FW	function	23264	25112
Uc	function	23268	25119
WG	function	23291	25165
mu	const	23296	25176
Ls	function	23297	25180
F6	function	23313	25197
QA	function	23317	25205
DW	function	23327	25219
VW	function	23342	25234
zm	function	23354	25246
o8	const	23358	25253
JA	function	23361	25271
wu	function	23370	25274
eb	function	23378	25282
vu	function	23387	25292
h4	function	23398	25303
tb	const	23401	25306
nb	function	23402	25307
xp	function	23405	25311
a0	function	23410	25317
NW	class	23413	25320
Um	function	23509	25426
OW	function	23595	25561
zW	function	23602	25573
l8	function	23610	25581
wo	function	23613	25584
UW	function	23617	25588
e3	function	23620	25591
yu	function	23626	25601
$W	function	23629	25604
WW	function	23640	25629
L0	function	23648	25637
HW	const	23651	25640
XW	function	23690	25679
y9	function	23725	25720
YW	function	23735	25736
ZW	function	23755	25758
HG	function	23804	25799
Au	function	23810	25803
Wn	function	23813	25806
QW	function	23817	25810
JW	function	23828	25826
eH	function	24006	26078
ib	function	24028	26122
tH	function	24035	26129
nH	function	24072	26186
iH	function	24079	26199
rH	function	24083	26211
Sp	function	24086	26217
sH	function	24092	26224
oH	function	24099	26231
d4	function	24106	26238
Ii	function	24113	26245
Zt	function	24120	26252
Cp	function	24123	26259
cr	function	24130	26266
qG	function	24138	26278
aH	function	24250	26436
cH	function	24278	26476
lH	function	24296	26494
uH	function	24308	26505
Ps	function	24315	26512
hH	function	24320	26515
dH	function	24323	26518
fH	function	24365	26558
k4	function	24394	26590
bu	function	24399	26599
pH	function	24410	26610
gH	function	24419	26629
KG	function	24431	26641
mH	function	24445	26657
wH	function	24448	26664
vH	function	24457	26673
rb	function	24488	26708
jG	function	24491	26717
xr	function	24498	26728
yH	function	24511	26745
AH	function	24527	26774
bH	function	24536	26781
MH	function	24545	26788
xH	function	24554	26795
SH	function	24558	26800
XG	function	24580	26820
CH	function	24606	26850
EH	function	24638	26904
TH	function	24677	26947
_H	function	24688	26958
GH	function	24691	26964
BH	function	24714	26989
RH	function	24717	26996
IH	function	24720	27002
kH	function	24727	27014
LH	function	24742	27031
PH	function	24753	27052
FH	function	24756	27059
DH	function	24766	27080
VH	function	24776	27104
NH	function	24807	27137
OH	function	24824	27154
L4	function	24835	27165
Q5	function	24846	27179
Ep	function	24852	27195
zH	function	24865	27225
D6	function	24878	27255
$m	function	24883	27261
Mu	function	24886	27264
vo	function	24889	27267
UH	function	24892	27272
$H	function	24905	27285
WH	function	24920	27298
HH	function	24923	27303
xu	function	24935	27313
qH	function	24938	27318
ne	function	24961	27387
a3	function	24964	27394
Wm	function	24967	27399
Hm	function	24970	27402
KH	function	24973	27405
jH	function	24989	27412
XH	function	24992	27415
YH	class	24995	27418
ZH	let	25048	27499
YG	const	25135	27598
qm	function	25136	27599
QH	function	25139	27602
Tp	const	25142	27605
JH	function	25143	27606
eq	class	25146	27613
sb	const	25174	27645
yo	function	25175	27646
Rt	const	25188	27663
ie	function	25192	27667
ZG	function	25203	27678
ca	function	25217	27693
QG	function	25226	27702
Ao	function	25239	27717
Km	function	25248	27726
nq	function	25263	27749
e4	function	25276	27763
iq	function	25307	27798
jm	function	25311	27802
f4	function	25322	27816
JG	function	25330	27825
rq	function	25335	27833
sq	function	25338	27836
ab	function	25342	27842
oq	const	25350	27849
_p	function	25354	27859
eB	function	25363	27879
cq	function	25377	27891
lq	function	25390	27911
uq	function	25395	27918
tB	function	25406	27933
nB	function	25417	27942
J1	const	25428	27951
hq	function	25429	27958
dq	function	25433	27962
iB	function	25437	27966
rB	function	25453	27980
sB	function	25465	27992
An	function	25477	28005
P5	function	25482	28010
fq	function	25486	28014
oB	function	25490	28024
pq	function	25500	28039
Gp	function	25511	28054
Su	function	25565	28110
k5	const	25570	28119
gq	function	25573	28122
mq	function	25583	28132
ri	let	25594	28147
wq	function	25596	28149
vq	function	25621	28184
p4	function	25633	28199
yq	function	25644	28221
Aq	function	25651	28228
aB	function	25658	28235
cB	const	25662	28239
lB	function	25666	28249
si	function	25682	28263
lb	function	25699	28280
bq	function	25702	28283
Mq	function	25705	28287
x2	function	25708	28291
Q2	const	25711	
uB	function	25712	28294
Cu	function	25715	28297
ub	function	25718	28304
xq	function	25721	28310
Sq	function	25747	28348
Cq	function	25766	28374
Eq	const	25784	28400
hB	function	25847	28518
_q	function	25900	28582
Gq	function	25905	28593
hb	function	25934	28618
Bq	function	25941	28625
bn	function	25948	28632
Rq	function	25951	28639
rt	var	25954	
Pq	var	25978	28751
Fs	var	25987	28760
wB	var	26017	28804
Dq	var	26019	28808
V6	function	26215	29056
Hq	var	26218	29061
Kq	const	26223	29069
p2	async	26224	29079
db	function	26334	29252
jq	function	26363	29279
Xq	function	26370	29292
Yq	function	26380	29301
u8	const	26388	29311
rn	class	26389	29312
vB	class	26438	29360
yB	class	26455	29381
fb	function	26525	29466
ha	class	26531	29472
bo	function	26629	29604
Zq	function	26776	29794
Mo	function	26786	29799
pb	function	26814	29828
xo	function	26819	29834
Qq	function	26825	29840
gb	function	26830	29856
Jq	class	26847	29875
eK	class	27062	30084
tK	function	27336	30405
nK	function	27355	30425
iK	function	27362	30434
mb	function	27373	30448
rK	function	27382	30457
sK	function	27392	30468
oK	function	27405	30488
AB	async	27419	30503
aK	function	27480	30570
cK	function	27483	30573
bB	function	27486	30576
lK	function	27512	30606
uK	function	27542	30644
hK	function	27556	30662
wb	function	27561	30673
dK	function	27567	30685
fK	function	27576	30710
_u	function	27581	30724
pK	const	27584	30727
sn	function	27622	30771
gK	function	27659	30829
Gu	function	27688	30865
mK	function	27697	30874
MB	function	27712	30897
wK	class	27718	30900
Bu	function	27853	31066
Rp	let	27858	31073
yb	function	27859	31074
vK	function	27862	31078
Xm	const	27865	31081
Ab	function	27869	31085
bK	function	27872	31092
kp	let	27878	31100
Li	const	27880	31102
Lp	let	27885	31107
$r	const	27886	31108
SB	function	27887	31109
MK	function	27899	31123
Pp	function	27902	31126
N6	class	27905	31129
h8	function	28453	31710
Ym	function	28465	31732
Fp	function	28488	31761
Dp	function	28493	31768
xK	function	28502	31778
SK	function	28514	31790
xb	function	28525	31801
CK	function	28528	31804
d8	function	28531	31807
f8	function	28535	31815
EK	function	28543	31823
Sb	function	28546	31829
w2	function	28551	31843
Wc	function	28554	31846
on	class	28559	31852
TK	function	28676	31975
_K	function	28700	32005
GK	function	28711	32017
BK	function	28733	32041
RK	function	28738	32046
IK	function	28765	32085
kK	function	28779	32104
LK	function	28787	32111
Ru	function	28795	32118
P2	function	28800	32124
Cb	const	28803	32127
Eb	function	28804	32128
CB	function	28807	32132
EB	function	28956	32319
PK	function	28968	32326
FK	function	28971	32329
DK	function	28974	32332
VK	function	28981	32338
NK	function	28986	32350
TB	function	28989	32353
OK	function	28997	32356
Tb	function	29002	32372
Zm	class	29019	32391
zK	function	29093	32479
UK	function	29121	32519
$K	function	29133	32532
_b	function	29141	32539
c1	function	29146	32545
Qm	class	29149	32548
WK	function	29210	32620
HK	function	29214	32626
qK	function	29217	32631
KK	function	29229	32646
jK	function	29242	32661
Fi	function	29247	32668
XK	class	29250	32671
Gb	function	29371	32805
Bb	const	29375	32810
c5	async	29379	32814
W1	async	29388	32817
YK	function	29955	33436
kb	function	29967	33453
ZK	function	29980	33467
Lb	function	29996	33486
QK	function	30005	33501
ku	function	30017	33514
p8	function	30024	33523
JK	function	30030	33531
Wr	let	30042	33547
ej	function	30043	33548
Lu	function	30057	33564
tj	function	30063	33572
N5	const	30073	33579
nj	function	30078	33584
Pb	function	30123	33628
Pu	function	30126	33635
Fb	const	30137	33649
Hc	let	30139	33651
ij	function	30140	33652
x3	const	30171	33690
rj	function	30182	33717
Du	function	30281	33826
ai	function	30284	33829
sj	function	30290	33832
Nb	function	30306	33848
m8	function	30313	33851
Vu	function	30316	33854
Hn	function	30320	33858
oj	function	30377	33929
aj	function	30385	33937
cj	function	30406	33958
lj	function	30429	33981
_B	function	30462	34007
Vp	function	30470	34015
uj	function	30480	34027
GB	function	30483	34034
Jm	function	30487	34039
hj	function	30510	34045
dj	function	30522	34074
BB	function	30544	34093
RB	function	30557	34115
Ob	function	30563	34125
we	function	30567	34133
IB	const	30571	34137
kB	function	30581	34147
Qt	function	30596	34174
LB	function	30599	34181
PB	function	30640	34250
O6	function	30669	34279
da	function	30693	34303
ew	function	30698	34306
g4	function	30701	34314
Nu	function	30704	34321
p0	function	30707	34331
P4	function	30710	34334
FB	const	30713	34338
Cj	class	30725	34350
zB	const	30734	34364
Ol	class	30735	34365
Ou	function	30940	34549
z6	function	30943	34552
w8	function	30953	34562
Ej	function	30958	34567
zl	function	30972	34586
Tj	function	30976	34592
_j	function	30979	34602
Np	function	30988	34611
Ul	function	30995	34620
Gj	function	30999	34624
Op	function	31002	34627
qc	function	31009	34634
bs	function	31012	34637
Kc	function	31015	34643
Hb	function	31018	34650
v8	function	31021	34657
Bj	function	31024	34664
Rj	function	31027	34671
n0	function	31030	34678
y8	function	31033	34681
g1	function	31036	34684
tw	class	31039	34688
x1	function	31290	34944
j0	function	31306	34969
zp	function	31309	34972
Ij	class	31312	34975
qb	function	31414	35126
Kb	const	31438	35152
kj	function	31439	35153
fa	function	31460	35177
jb	function	31473	35191
Xb	const	31478	35198
Lj	async	31479	35199
We	async	31482	35202
Pj	async	31485	35205
Yb	async	31488	35208
U6	function	31492	35212
nw	class	31496	35220
Fj	function	31562	35298
Zb	function	31576	35311
Dj	async	31581	35321
So	function	31589	35328
iw	function	31595	35335
Up	function	31601	35342
H2	const	31608	35350
Vj	class	31610	35352
UB	function	31630	35387
Co	function	31660	35413
$p	async	31663	35416
Nj	const	31666	35419
lt	function	31684	35457
zj	function	31703	35479
Uj	function	31707	35484
$j	function	31718	35505
Wj	function	31726	35525
Hj	function	31731	35543
qj	function	31740	35563
Kj	function	31745	35569
l5	function	31751	35577
Qb	function	31770	35589
jj	function	31779	35601
j2	function	31785	35609
Xj	const	31796	35625
d5	function	31806	35635
pa	function	31812	35646
$B	function	31816	35651
Jb	const	31878	35723
ga	function	31879	35724
eM	function	31915	35771
tM	function	31918	35774
Wp	function	31923	35781
Yj	function	31926	35784
A8	function	31930	35791
WB	function	31936	35801
Zj	function	31960	35836
Qj	function	31969	35841
HB	function	31978	35846
nM	function	31999	35892
iM	function	32002	35908
Jj	function	32016	35920
eX	function	32022	35931
qr	function	32030	35939
tX	function	32034	35946
e2	const	32038	
qB	function	32039	35953
nX	function	32055	35976
iX	function	32089	36001
P9	const	32125	
rX	function	32126	36035
sX	async	32133	36046
oX	function	32174	36086
rw	function	32185	36100
aX	function	32195	36110
cX	function	32198	36116
Vs	function	32204	36125
rM	function	32210	36132
ci	function	32213	36135
KB	function	32217	36142
sM	function	32222	36151
oM	function	32226	36158
aM	function	32235	36172
dn	function	32239	36180
dt	function	32255	36190
lX	function	32347	36296
uX	function	32376	36326
sw	function	32405	36356
hX	function	32428	36380
ow	function	32445	36398
jB	function	32463	36417
XB	function	32490	36451
YB	function	32497	36468
zu	const	32505	36476
dX	function	32506	36477
cM	function	32525	36513
O5	class	32528	36516
ZB	function	32615	36615
lM	const	32621	36625
pX	async	32661	36692
gX	function	32689	36731
Eo	function	32702	36748
mX	function	32712	36756
uM	function	32724	36766
wX	function	32729	36771
hM	function	32737	36787
JB	function	32740	36790
vX	function	32745	36796
eR	function	32759	36819
yX	function	32767	36829
ue	function	32777	36846
Ft	function	32788	36863
E9	function	32806	36882
C9	function	32814	36890
dM	function	32841	36918
ji	function	32856	36945
AX	function	32872	36962
Kr	function	32894	36983
Oe	function	32898	36992
aw	function	32901	36995
V0	function	32911	37005
jc	function	32934	37038
tR	function	32947	37054
nR	class	32959	37066
st	function	33114	37255
ma	async	33117	37264
bX	function	33139	37298
ct	function	33146	37307
m4	function	33151	37312
MX	function	33171	37338
fM	function	33177	37352
pM	function	33183	37360
an	function	33188	37367
f3	function	33200	37377
ve	function	33208	37385
m9	function	33224	
gM	function	33246	37429
He	const	33250	37436
$6	function	33256	37458
W6	function	33259	37461
xX	const	33262	37464
cw	function	33271	37473
G2	function	33282	37476
To	function	33287	37485
SX	function	33301	37500
H6	const	33321	37537
iR	function	33333	37549
rR	function	33347	37566
CX	function	33350	37569
f5	async	33358	37581
G1	function	33362	37587
xe	function	33365	37590
Sr	function	33369	37597
p3	function	33379	37612
EX	function	33388	37623
tt	const	33401	37635
sR	function	33434	37668
_X	const	33437	37671
oR	function	33438	37672
GX	const	33449	37675
li	let	33451	37676
BX	function	33452	37677
mM	const	33461	37690
N2	class	33470	37699
PX	async	33476	37707
lR	function	33598	37852
FX	function	33614	37872
DX	async	33628	37889
VX	async	33639	37900
uR	async	33653	37913
NX	function	33670	37931
OX	function	33677	37938
zX	function	33683	37946
Dt	function	33687	37950
UX	function	33693	37959
vM	function	33707	37967
q6	function	33728	37986
hR	function	33736	37996
dR	function	33741	38003
uw	function	33747	38011
$X	function	33750	38014
WX	function	33757	38023
yM	function	33768	38037
AM	function	33773	38043
HX	function	33776	38049
qX	let	33780	38055
bM	const	33830	38102
KX	async	33831	38103
fR	function	33875	38157
MM	function	33905	38191
jX	function	33915	38201
xM	function	33924	38208
XX	class	33927	38217
YX	function	33957	38252
ZX	function	33960	38257
$u	var	33965	38263
QX	function	33967	38267
JX	var	34434	38841
eY	const	34435	38842
Hu	let	34442	38849
tY	function	34443	38850
nY	function	34450	38862
iY	function	34458	38871
rY	function	34466	38883
sY	function	34472	38890
$l	function	34486	38911
oY	function	34489	38914
aY	class	34501	38930
dw	function	34533	38964
cY	function	34559	38985
lY	function	34569	38989
uY	function	34572	38992
hY	function	34575	38995
dY	function	34583	39003
fY	function	34587	39007
CM	function	34594	39020
xn	function	34602	39033
fw	function	34607	39040
b8	function	34610	39043
qu	function	34613	39046
pR	const	34616	39049
T9	class	34625	39058
bY	function	34631	39066
MY	async	34642	39080
gR	function	34676	39128
xY	function	34690	39142
SY	function	34712	39167
CY	function	34730	39188
EY	function	34744	39204
TY	function	34762	39225
_Y	async	34768	39235
GY	async	34778	39252
mR	async	34794	39274
BY	function	34815	39291
RY	async	34870	39357
IY	function	34900	39391
kY	function	34911	39397
LY	class	34923	39416
wR	const	34952	39450
vR	class	34956	39479
PY	function	35072	39606
FY	function	35080	39615
Wl	function	35088	39624
TM	function	35093	39633
yR	function	35096	39638
Hp	function	35100	39643
_M	function	35115	39651
GM	function	35124	39656
q2	function	35131	39661
DY	class	35134	39664
AR	const	35153	39688
_o	class	35154	39689
cn	function	35202	39719
Hl	function	35205	39722
Ye	function	35210	39727
VY	function	35214	39731
NY	function	35228	39755
J5	function	35242	39779
pw	function	35247	39785
OY	function	35276	39807
zY	function	35300	39832
bR	function	35324	39856
MR	function	35327	39860
c3	function	35330	39864
UY	function	35355	39869
$Y	function	35358	39872
WY	const	35368	39875
gw	class	35426	39939
xR	function	35442	39964
SR	function	35449	39971
CR	function	35484	40021
BM	function	35513	40063
KY	function	35534	40085
jY	function	35554	40102
XY	function	35568	40116
ER	function	35576	40119
fe	function	35579	40122
mw	function	35582	40128
TR	async	35585	40131
YY	async	35737	40345
ZY	function	35753	40353
QY	async	35773	40356
JY	function	35785	40361
_R	async	35788	40364
K6	function	35796	40371
ui	function	35820	40398
RM	function	35826	40401
eZ	async	35829	40408
ww	function	35833	40412
ju	function	35846	40423
tZ	function	35864	40445
nZ	function	35935	40528
iZ	function	35955	40549
rZ	function	35958	40553
Xu	function	35968	40563
sZ	async	35972	40571
oZ	async	35979	40583
GR	async	35985	40595
Kp	async	35990	40603
aZ	async	35996	40610
cZ	function	36003	40617
lZ	function	36026	40647
uZ	function	36034	40661
BR	function	36045	40677
hZ	function	36057	40694
dZ	function	36062	40703
fZ	function	36069	40712
jp	function	36078	40723
IM	function	36090	40737
RR	const	36097	40746
pZ	async	36098	40752
IR	async	36114	40782
t3	async	36125	40793
vw	async	36148	40828
gZ	function	36180	40866
mZ	async	36196	40885
wZ	function	36208	40905
vZ	function	36215	40915
yZ	function	36229	40930
kM	function	36240	40943
LM	function	36246	40948
AZ	function	36254	40959
bZ	function	36262	40967
Xi	function	36268	40973
Ms	function	36274	40976
ql	function	36277	40983
MZ	async	36280	40986
yw	function	36295	41012
Xp	function	36298	41015
PM	function	36304	41018
xZ	async	36313	41031
SZ	function	36328	41054
kR	function	36340	41074
CZ	function	36356	41091
Aw	function	36366	41105
Go	async	36369	41108
bw	class	36379	41118
EZ	const	36380	41120
n3	function	36382	41122
Mw	function	36385	41125
j6	function	36390	41130
Cr	const	36394	
_Z	function	36478	41246
xw	function	36483	41253
b4	function	36489	41257
N3	function	36509	41284
GZ	function	36512	41290
LR	function	36517	41297
Sw	class	36520	41302
BZ	const	37428	42260
RZ	function	37465	42297
wa	function	37475	42300
IZ	function	37478	42303
kZ	function	37489	42314
LZ	function	37505	42324
PZ	const	37582	42414
DZ	function	37592	42424
VZ	function	37600	42441
NZ	async	37627	42470
OZ	function	37676	42517
zZ	function	37712	42554
UZ	function	37750	42592
$Z	function	37825	42656
S8	function	37836	42675
WZ	const	37844	42686
HZ	function	37852	42694
Wt	function	37855	42697
Yu	function	37863	42708
qZ	function	37866	42711
FM	function	37896	42744
KZ	function	37906	42767
DM	function	37921	42797
VM	const	37958	42837
XZ	function	37978	42857
Kl	function	38002	42883
YZ	function	38007	42891
ZZ	function	38010	42897
QZ	function	38016	42906
JZ	function	38020	42913
eQ	async	38026	42920
tQ	function	38038	42935
Zu	function	38050	42954
O3	function	38059	42962
nQ	function	38066	42973
Ge	function	38070	42980
NM	function	38076	42987
iQ	function	38088	43002
rQ	function	38091	43005
z3	function	38096	43016
sQ	function	38102	43019
oQ	async	38134	43069
Cw	async	38141	43077
Yc	const	38187	43121
X6	function	38243	43177
Y6	const	38246	43180
Zc	function	38298	43232
Yp	const	38301	43235
lQ	function	38320	43258
Ew	class	38410	43346
U1	function	38728	43627
uQ	async	38738	43647
Sn	const	38873	43798
hQ	let	38874	43799
h2	function	38875	43800
F9	async	38885	43813
C8	async	38888	43818
te	class	38892	43831
OM	function	39653	44563
E8	function	39666	44574
Tw	class	39670	44581
dQ	const	39885	44882
fQ	function	39897	
Bo	class	39921	44915
PR	const	40204	45270
pQ	async	40205	45271
zM	const	40215	
yQ	async	40223	45286
jr	function	40280	45331
Ju	function	40285	45338
AQ	function	40294	45353
_w	async	40307	45363
$M	function	40365	45428
bQ	function	40368	45431
MQ	function	40386	45442
xQ	class	40415	45479
SQ	function	40428	45497
CQ	function	40433	45504
FR	class	40439	45510
Gw	class	40674	45756
WM	let	40748	45863
Q9	async	40749	45864
eh	function	40773	45886
EQ	function	40777	45891
TQ	function	40785	45894
_Q	async	40813	45922
GQ	const	40848	
Qc	function	40858	45959
qM	function	40862	45966
BQ	function	40870	45978
S9	function	40873	45981
va	function	40890	46005
Z6	function	40899	46017
he	function	40905	46023
VR	function	40911	46036
RQ	const	40921	46043
Q6	class	40925	46047
Xr	function	40997	46123
Y1	const	41002	
PQ	function	41003	46130
FQ	function	41011	46135
DQ	class	41022	46146
VQ	const	41088	46215
NQ	function	41089	46216
Bw	class	41110	46242
NR	function	41202	46343
Yr	function	41228	46424
Qp	function	41231	46427
X2	var	41234	46430
OQ	class	41242	46442
KM	function	41345	46627
Ns	function	41348	46630
zQ	function	41351	46633
jM	function	41354	46639
XM	function	41380	46667
UQ	class	41383	46681
$Q	const	41434	46736
ya	function	41435	46743
Rw	function	41460	46785
YM	function	41469	46788
Iw	class	41475	46800
OR	function	41518	46836
xs	const	41526	46846
WQ	function	41527	46847
HQ	function	41549	46866
zR	function	41559	46884
ZM	function	41619	46954
qQ	function	41627	46962
QM	function	41634	46975
JM	function	41638	46980
H5	const	41644	46991
KQ	function	41645	46992
fn	class	41651	46999
Aa	function	41826	47189
jQ	function	41866	47195
XQ	function	41877	47198
YQ	function	41880	47201
ex	function	41883	47207
ZQ	function	41904	47229
tx	function	41939	47251
QQ	function	41964	47267
UR	function	41971	47276
JQ	function	41982	47287
eJ	const	42013	47325
nJ	function	42015	47327
nx	function	42020	47333
iJ	const	42029	47336
$R	function	42030	47342
rJ	const	42038	47352
rx	function	42054	47367
sJ	function	42058	47375
sx	function	42064	47382
th	function	42067	47387
Ot	function	42070	47390
oJ	function	42073	47393
aJ	function	42080	47400
cJ	const	42095	47414
lJ	function	42098	47429
uJ	function	42101	47432
hJ	class	42104	47435
dJ	const	42182	47534
pJ	class	42200	47611
gJ	class	42280	47702
WR	const	42285	47707
HR	function	42303	47722
wJ	async	42307	47727
nh	let	42320	47748
vJ	function	42321	47749
yJ	const	42334	47762
MJ	class	42444	47872
kw	function	42478	47919
qR	function	42485	47930
ax	function	42493	47942
jl	class	42541	47989
xJ	class	42676	48168
SJ	function	42761	48258
ih	const	42785	48296
Ro	function	42817	48324
EJ	function	42874	48383
KR	function	42882	48392
Jp	function	42885	48395
jR	function	42888	48402
XR	function	42908	48436
TJ	function	42913	48441
_J	function	42930	48456
GJ	function	43081	48651
Os	function	43087	48664
sh	function	43104	48685
BJ	function	43133	48715
Jc	function	43150	48736
oh	function	43153	48739
lx	function	43156	48742
H0	const	43161	
ah	function	43162	48749
X3	function	43165	48752
Lw	const	43169	48757
kJ	async	43173	48761
hx	async	43188	48781
YR	function	43212	48801
LJ	function	43222	48817
PJ	function	43284	48884
FJ	let	43311	48930
DJ	const	43312	48931
NJ	function	43315	48938
ch	const	43328	48966
OJ	function	43329	48967
zJ	function	43332	48970
UJ	async	43361	49000
$J	async	43364	49006
ZR	function	43378	49017
WJ	function	43387	49028
QR	function	43397	49045
JR	function	43402	49052
l3	const	43411	49066
eI	async	43431	49086
tI	class	43455	49107
jJ	function	43715	49372
XJ	function	43754	49413
YJ	function	43787	49440
ZJ	async	43810	49472
QJ	async	43826	49497
JJ	function	43842	49516
e00	function	43874	49560
vx	function	43880	49577
t00	function	43888	49589
n00	async	43901	49607
i00	async	43910	49623
r00	async	43928	49635
s00	async	43946	49647
o00	function	43969	49671
yx	function	43980	49680
Ax	function	43985	49685
nI	function	43998	49709
Xl	function	44008	49719
bx	function	44014	49726
J6	async	44025	49737
a00	async	44030	49743
lh	async	44041	49762
ln	function	44044	49765
iI	function	44047	49768
e7	function	44055	49778
c00	function	44065	49795
w1	function	44070	49803
Mx	function	44081	49820
zs	function	44087	49827
xx	function	44092	49834
l00	async	44096	49840
Yl	function	44103	49845
rI	function	44111	49853
sI	function	44119	49861
u00	function	44123	49865
h00	function	44127	49869
d00	function	44130	49872
f00	function	44139	49881
p00	function	44147	49889
g00	function	44150	49897
Pw	function	44155	49904
C2	const	44160	
w00	function	44162	49917
v00	function	44207	49971
y00	function	44211	49978
eg	const	44219	49986
Cx	function	44221	49988
A00	function	44244	50018
b00	function	44257	50037
d2	const	44269	
Bx	function	44279	50066
uh	function	44284	50072
C00	const	44289	50078
E00	function	44291	50100
Rx	function	44303	50106
T00	function	44348	50171
oI	async	44351	50179
_00	class	44411	50224
B8	function	44530	50369
ng	function	44537	50382
Ix	function	44545	50389
R8	function	44548	50394
hh	function	44561	50406
dh	function	44566	50411
kx	function	44575	50422
Ci	function	44578	50429
I8	function	44587	50438
G00	function	44594	50445
B00	function	44597	50452
k8	function	44600	50459
fh	function	44603	50466
L5	function	44606	50469
R00	function	44609	50475
Yi	function	44629	50478
aI	async	44634	50485
I00	class	44654	50510
cI	function	44700	50557
lI	function	44707	50568
ig	function	44714	50579
Lx	function	44723	50594
Px	function	44773	50641
Fw	class	44781	50655
Dw	class	44969	50860
k00	const	45150	51021
uI	function	45160	51037
N00	const	45169	51066
hI	async	45171	51068
z00	class	45242	51128
dI	class	45291	51188
vt	function	45407	51337
U00	function	45434	51368
$00	function	45437	51374
W00	function	45440	51380
H00	function	45443	51386
q00	function	45454	51414
K00	function	45473	51456
j00	function	45487	51472
X00	function	45496	51481
fI	function	45499	51493
Dx	function	45509	51505
Jr	async	45517	51513
pI	function	45520	51516
gI	function	45529	51527
ph	function	45540	51544
$s	function	45549	51555
Y00	const	45552	51558
ba	function	45556	51561
mI	function	45573	51571
t7	function	45582	51583
wI	function	45595	51589
Z00	function	45609	51623
Pn	const	45612	51630
vI	function	45613	51631
Q00	function	45663	51691
J00	const	45670	51700
Zl	function	45690	51720
Io	function	45693	51723
yI	function	45696	51726
t20	function	45699	51729
n20	function	45713	51736
Ql	const	45719	51744
Vw	function	45727	51759
ko	function	45730	51762
Nw	function	45735	51769
rg	function	45741	51772
MI	function	45744	51775
r20	function	45748	51780
s20	function	45757	51793
Er	const	45792	51836
o20	function	45893	52027
xI	function	45896	52030
Vf0	const	45899	52033
a20	function	45900	52034
Nf0	const	45906	52044
Of0	function	45913	52054
c20	const	45926	52086
l20	function	45927	52094
sg	function	45930	52097
un	function	45938	52100
SI	function	45968	52123
zf0	function	45973	52134
Uf0	function	45976	52137
$f0	function	45996	52159
Wf0	function	46017	52177
u20	function	46028	52197
n7	function	46078	52318
h20	function	46102	52345
d20	function	46107	52351
Hf0	const	46125	52371
f20	function	46140	52384
qf0	function	46144	52393
p20	function	46147	52396
Kf0	function	46152	52402
CI	function	46155	52412
g20	function	46171	52424
K2	const	46181	
Jl	function	46194	52451
og	function	46202	52471
Fn	const	46213	52474
v20	function	46360	52621
EI	function	46365	52632
Ow	const	46382	52652
Ox	function	46384	52664
A20	const	46387	52670
TI	function	46400	52688
x20	function	46406	52702
jf0	function	46411	52708
Xf0	function	46418	52716
p5	function	46421	52722
S20	function	46424	52728
C20	function	46427	52731
E20	function	46432	52745
zx	function	46445	52759
T20	function	46448	52762
e6	function	46465	52799
_I	function	46536	52886
_20	const	46573	52910
GI	function	46574	52916
zw	function	46622	52956
BI	function	46635	52971
G20	function	46648	52990
B20	const	46664	53015
R20	function	46670	53046
RI	function	46689	53076
I20	const	46699	53090
St	function	46735	53126
L20	const	46746	53140
D20	function	47078	53467
V20	const	47090	53479
O20	function	47127	53534
II	function	47130	53537
r7	function	47133	53540
z20	const	47138	53547
U20	function	47172	53580
$20	function	47182	53592
$x	function	47197	53607
W20	function	47211	53641
Ma	async	47233	53658
LI	function	47241	53668
H20	const	47249	53676
Q20	function	47275	53702
xa	function	47282	53710
J20	function	47310	53752
FI	function	47319	53765
s7	class	47328	53778
M4	function	47441	53960
e90	function	47475	54004
t90	function	47483	54017
n90	function	47486	54023
i90	function	47493	54030
r90	function	47500	54037
s90	function	47507	54049
o90	function	47563	54116
a90	function	47598	54159
c90	function	47624	54189
l90	function	47635	54200
o7	function	47638	54207
u90	function	47649	54221
h90	function	47670	54249
d90	function	47685	54270
f90	function	47700	54287
p90	function	47707	54294
g90	function	47714	54301
Ve	function	47731	54318
m90	function	47768	54367
Wx	function	47779	54399
Kn	function	47790	54402
a7	class	47793	54407
Hx	const	47873	54511
x4	class	47875	54513
L8	function	47960	54611
t6	const	47967	54622
w90	function	47973	54661
el	function	47990	54672
v90	function	48000	54682
n6	const	48009	54691
vh	class	48076	54789
A90	function	48209	54965
b90	function	48246	54976
Jx	function	48268	55001
M90	function	48285	55021
x90	function	48301	55038
yh	function	48314	55056
Uw	function	48335	55074
S90	function	48353	55114
C90	function	48366	55136
E90	function	48381	55156
Qi	function	48392	55171
T90	function	48399	55176
VI	function	48408	55190
eS	function	48414	55200
_90	function	48417	55205
NI	function	48428	55216
Ah	function	48432	55223
bh	function	48440	55231
G90	function	48454	55241
B90	function	48469	55252
tS	function	48474	55263
nS	function	48477	55270
Po	function	48480	55275
ee	function	48483	55278
v0	function	48486	55281
iS	const	48489	55284
R90	function	48490	55285
I90	const	48493	55289
N90	class	48508	55316
c7	function	48621	55459
oS	function	48643	55481
zI	function	48646	55484
Sa	function	48650	55493
lr	function	48655	55499
UI	function	48660	55506
O90	function	48665	55516
z90	function	48676	55534
$I	function	48680	55540
aS	function	48690	55552
xh	function	48700	55572
cS	function	48709	55575
U90	function	48718	55596
$90	function	48727	55617
W90	function	48745	55647
H90	function	48755	55658
q90	function	48759	55662
WI	function	48762	55674
P0	function	48772	55677
HI	function	48775	55680
K90	function	48852	55789
es	const	48864	55805
qI	async	48865	55806
Sh	function	49113	56106
Ch	function	49131	56128
j90	function	49202	56211
X90	function	49223	56233
Y90	function	49249	56254
Z90	function	49257	56262
Q90	function	49260	56266
lS	function	49270	56276
Eh	const	49274	56284
hS	function	49277	56287
J90	const	49280	56290
Tr	class	49283	56293
Th	function	49349	56371
n10	async	49362	56389
u5	function	49373	56406
i10	function	49391	56430
r10	function	49397	56437
dS	const	49415	56455
KI	class	49421	56467
Ca	class	49438	56486
s10	function	49656	56803
o10	function	49663	56816
fS	function	49668	56822
a10	async	49679	56838
c10	function	49687	56852
$w	function	49701	56873
Ww	function	49706	56884
l10	function	49711	56904
u10	function	49714	56909
h10	const	49733	56934
f10	function	65415	72622
YI	function	65418	72625
ZI	function	65422	72635
pS	function	65432	72643
gS	function	65555	72771
p10	function	65567	72803
y2	function	65576	72821
QI	const	65579	72824
JI	function	65673	
ur	const	65694	
g10	function	65696	72951
ek	function	65702	
tk	function	65721	72999
vS	function	65727	73006
nk	function	65732	73012
qw	function	65749	
m10	function	65773	73054
w10	function	65783	73064
yS	function	65788	73071
Kw	function	65804	73088
g2	function	65810	73095
l7	function	65816	73102
K1	function	65822	73109
F8	function	65825	73112
yt	function	65828	73115
ik	function	65831	73118
AS	const	65834	73121
v10	function	65848	73131
y10	class	65896	73173
A10	async	65979	73248
jw	class	66002	73282
nl	function	66129	73419
Ji	const	66135	73426
_r	class	66136	73427
ag	class	66309	73610
b10	class	66353	73665
bS	class	66408	73745
rk	class	66423	73765
sk	class	66449	73800
ok	class	66494	73857
M10	function	66538	73913
x10	function	66551	73954
ak	function	66563	73991
S10	function	66566	73999
m1	function	66578	74024
h5	function	66581	74030
C10	const	66584	74038
E10	function	66597	74084
T10	function	66602	74091
_10	function	66606	74098
D8	function	66621	74119
ck	function	66627	74126
lk	function	66642	74147
MS	function	66648	74151
G10	function	66651	74169
V8	function	66665	74185
Bh	function	66671	74192
ts	function	66674	74197
uk	function	66691	74228
xS	const	66710	74251
Xw	function	66711	74252
B10	function	66715	74260
R10	function	66734	74283
I10	function	66754	74307
k10	function	66766	74323
L10	function	66785	74345
hk	function	66803	74364
Yw	function	66811	74373
Zw	function	66814	74385
Qw	function	66832	74424
ns	const	66838	74434
dk	function	66839	74440
P10	function	66843	74447
Rh	function	66861	74462
fk	function	66867	74477
SS	function	66889	74505
il	function	66898	74508
cg	function	66912	74522
Ih	function	66918	74525
r6	function	66921	74532
CS	const	66924	74535
F10	function	66925	74536
f0	function	66928	74540
ES	const	66931	74543
pk	async	66932	74544
D10	function	66941	74555
V10	const	66964	74570
H10	class	66972	74582
fi	function	67108	74737
k0	function	67115	74741
q10	const	67118	74744
Z10	function	67129	74755
Q10	function	67148	74802
J10	function	67156	74810
ee0	function	67159	74814
te0	function	67179	74838
Fh	function	67217	74878
ne0	function	67245	74916
R0	function	67261	74947
gk	const	67264	74950
ie0	function	67266	74959
re0	function	67289	75006
C3	function	67307	75025
ug	function	67313	75032
hr	async	67325	75051
se0	function	67352	75086
oe0	function	67366	75111
ae0	function	67439	75217
ce0	function	67445	75229
le0	function	67487	75279
ue0	function	67507	75305
_S	function	67513	75317
Jw	async	67524	75332
he0	function	67602	75409
ev	function	67617	75423
de0	function	67622	75429
Yf0	function	67636	75462
Zf0	function	67639	75468
fe0	function	67643	75475
GS	const	67651	75488
pe0	function	67652	75489
ge0	async	67656	75497
wk	async	67696	75537
BS	const	67733	75581
tv	class	67736	75584
ve0	function	67788	75641
ye0	function	67796	75656
Ae0	function	67807	75674
vk	function	67828	75698
Qf0	async	67849	75720
be0	function	67860	75741
N8	const	67895	75781
Me0	function	67896	75782
xe0	async	67908	75795
yk	function	67931	75822
Ak	async	67942	75833
d7	class	67956	75855
RS	const	67990	75898
nv	class	68024	75952
IS	class	68113	76033
Ie0	function	68179	76104
kS	function	68187	76112
ke0	function	68196	76121
Le0	function	68201	76126
Pe0	function	68210	76136
Mk	function	68234	76174
LS	function	68237	76178
Fe0	async	68278	76224
PS	async	68291	76238
dg	function	68310	76257
I2	function	68313	76260
De0	const	68316	76263
Ze0	function	68336	76283
iv	class	68348	76300
Qe0	function	68712	76684
Je0	function	68716	76688
NS	function	68723	76697
OS	function	68732	76706
O8	function	68735	76709
zS	function	68744	76718
US	function	68749	76731
Dh	function	68756	76747
et0	async	68779	76772
is	async	68784	76777
Sk	function	68793	76788
Vh	function	68808	76801
$S	function	68811	76813
gg	function	68838	76824
pi	function	68849	76833
Nh	function	68858	76842
Oh	function	68862	76847
WS	function	68867	76854
zh	function	68871	76862
Ck	function	68876	76869
HS	function	68881	76874
z8	function	68886	76879
jn	function	68889	76886
Yt	function	68892	76893
tt0	function	68895	76900
nt0	function	68898	76903
y0	function	68901	76906
U8	const	68904	76909
Tk	function	68923	76948
rv	class	68928	76953
ht0	function	69066	77093
dt0	function	69076	77107
ft0	function	69087	77120
pt0	function	69099	77127
gt0	function	69104	77132
mt0	function	69148	77182
wt0	async	69171	77213
Uh	function	69190	77232
W0	function	69193	77235
vt0	function	69196	77238
yt0	function	69217	77277
KS	function	69226	77295
jS	function	69231	77304
XS	const	69237	77314
s6	class	69238	77315
At0	function	69351	77428
bt0	function	69359	77436
_k	function	69388	77463
Mt0	function	69399	77477
o6	const	69409	77487
sv	class	69413	77498
Ct0	function	69556	77641
Et0	function	69559	77650
Tt0	function	69564	77655
_t0	function	69570	77669
Gt0	function	69573	77672
YS	function	69584	77691
ZS	function	69587	77694
QS	async	69603	77708
Bt0	function	69622	77727
Rt0	function	69629	77737
ov	function	69641	77773
It0	function	69661	77797
kt0	function	69674	77810
Lt0	function	69696	77836
Gk	function	69719	77863
Pt0	function	69726	77870
Ft0	function	69729	77876
Bk	function	69732	77879
Dt0	const	69737	77885
Nt0	function	69739	77887
Ot0	const	69759	77914
dr	class	69788	77959
c6	class	69915	78096
Do	class	69926	78108
Rk	async	69937	78120
Wt0	async	69958	78148
Ht0	function	69978	78175
Ik	function	69993	78200
qt0	function	70006	78221
kk	function	70021	78245
Lk	function	70025	78252
tC	const	70037	78278
av	class	70039	78280
cv	function	70086	78332
jt0	function	70169	78432
$h	function	70240	78503
Xt0	function	70250	78514
Wh	function	70254	78524
Yt0	function	70259	78530
Zt0	const	70284	78563
W8	function	70288	78571
e50	function	70291	78578
iC	function	70302	78589
t50	class	70330	78617
rC	const	70445	78752
Ea	class	70446	78753
n50	function	70586	78920
i50	function	70594	78930
r50	function	70597	78933
s50	function	70640	78981
o50	function	70700	79045
H8	const	70708	79060
A50	function	70738	79137
lv	class	70751	79152
b50	function	70864	79258
M50	async	70889	79285
A2	function	70908	79304
Kh	const	70911	79307
Fk	class	70912	79308
x50	function	71081	79479
S50	function	71119	79526
C50	function	71176	79589
uv	class	71230	79647
E50	function	71267	79687
T50	class	71278	79690
_50	function	71344	79754
G50	function	71359	79771
jh	function	71365	79778
Ei	function	71378	79794
B50	function	71397	79810
oC	function	71407	79836
aC	function	71421	79847
vg	function	71454	79886
cC	function	71461	79892
R50	function	71486	79923
hv	function	71506	79949
lC	function	71510	79956
Dk	function	71516	79963
U9	const	71523	
I50	async	71530	79977
k50	function	71559	80020
L50	function	71569	80030
P50	function	71572	80038
F50	function	71594	80056
D50	async	71602	80071
yg	function	71606	80081
V50	function	71613	80094
N50	const	71622	80108
O50	function	71630	80116
dv	function	71660	80132
z50	function	71666	80146
U50	function	71671	80152
$50	async	71678	80161
W50	function	71757	80262
p7	class	71772	80274
H50	function	71831	80341
q50	function	71857	80375
K50	function	71875	80399
hC	function	71887	80411
rs	function	71896	80425
dC	const	71902	80432
fr	class	71908	80438
X50	function	71989	80538
Y50	function	71997	80551
gC	function	72024	80593
Z50	function	72032	80601
Q50	function	72035	80608
mC	function	72042	80615
J50	function	72048	80621
E2	function	72053	80629
g7	const	72056	80632
nn0	function	72060	80656
in0	function	72071	80667
rn0	function	72083	80679
fv	class	72115	80740
sn0	function	72144	80768
wC	const	72176	80801
on0	function	72177	80802
an0	function	72189	80817
vC	function	72200	80828
yC	function	72203	80831
O1	const	72206	
cn0	function	72207	80843
ln0	function	72210	80850
q8	function	72253	80893
Ag	function	72257	80898
Nk	function	72265	80911
un0	function	72304	80937
hn0	function	72323	80958
dn0	function	72326	80966
AC	const	72355	80999
pn0	function	72382	81030
gn0	class	72385	81039
j1	const	72723	
K8	function	72724	81369
Ok	function	72729	81375
mn0	const	72734	81383
Ta	class	72735	81388
wn0	function	72804	81456
vn0	const	72874	81538
An0	function	72903	81567
bn0	function	72928	81592
Mn0	function	72933	81595
bC	function	72936	81598
MC	function	72939	81601
xn0	function	72944	81608
j8	function	72951	81617
Sn0	const	72954	81623
Cn0	class	72955	81624
zk	function	73159	81857
Gr	class	73164	81865
En0	function	73231	81934
Tn0	function	73282	82000
_n0	function	73286	82007
X8	function	73295	82021
Gn0	const	73301	82028
Rn0	function	73303	82034
Bt	function	73306	82037
Uk	function	73310	82044
In0	function	73313	82047
kn0	const	73316	82050
Ln0	async	73318	82052
Pn0	function	73347	82081
SC	async	73357	82096
w4	function	73363	82103
Fn0	const	73370	82110
Vn0	function	73373	82116
Nn0	function	73386	82140
m7	class	73429	82198
$k	function	73584	82361
On0	function	73777	82566
Wk	function	73791	82580
zn0	function	73805	82587
Un0	function	73810	82590
Qh	function	73820	82602
$n0	function	73829	82609
Ws	function	73833	82615
bg	function	73837	82622
sl	function	73843	82632
Y8	function	73849	82642
CC	function	73852	82648
Wn0	function	73855	82654
t4	function	73858	82657
Hn0	function	73862	82661
qn0	class	73865	82664
Kn0	class	73945	82776
EC	class	73998	82843
jn0	function	74050	82908
Xn0	function	74062	82948
Yn0	function	74073	82962
Hk	function	74084	82978
Zn0	function	74092	82985
TC	function	74115	83010
_C	function	74120	83015
Qn0	function	74126	83021
Jn0	function	74134	83029
e30	function	74143	83053
t30	function	74152	83062
n30	function	74161	83077
i30	function	74165	83081
r30	function	74173	83091
s30	function	74184	83106
Mg	function	74192	83111
o30	function	74195	83118
qk	function	74202	83125
ol	function	74205	83128
Kk	function	74208	83135
al	function	74215	83142
xg	function	74218	83145
A0	function	74221	83152
ss	const	74224	83155
c30	function	74235	83242
w7	class	74247	83259
l30	function	74327	83340
u30	function	74345	83376
h30	function	74373	83410
q9	function	74390	83440
Sg	const	74393	83443
d30	function	74401	83451
f30	function	74420	83478
GC	function	74423	83481
cl	function	74426	83484
BC	function	74432	83495
p30	function	74436	83499
g30	function	74439	83505
m30	function	74456	83526
jk	function	74482	83566
Xk	function	74485	83569
Yk	function	74494	83582
Cg	function	74499	83589
Xn	function	74505	83599
RC	const	74511	83609
w30	function	74512	83610
v30	async	74516	83618
y30	async	74536	83633
A30	async	74546	83643
b30	async	74555	83657
u6	function	74563	83667
M30	const	74567	83674
ed	let	74568	83675
x30	function	74569	83676
S30	async	74581	83689
C30	async	74619	83731
pv	class	74630	83743
E30	function	75211	84418
T30	function	75214	84421
_30	function	75221	84430
G30	function	75224	84433
Be	function	75256	84471
B30	function	75264	84485
ll	function	75268	84489
R30	function	75273	84496
I30	class	75280	84503
Zk	function	75315	84548
k30	function	75329	84574
Z8	function	75354	84586
td	function	75357	84593
L30	function	75360	84600
P30	function	75377	84630
F30	function	75381	84636
D30	const	75401	84639
gv	function	75402	84640
Ss	const	75405	84643
N30	function	75408	84646
O30	function	75419	84661
Qk	class	75437	84688
Eg	function	75526	84825
Vo	function	75561	84864
nd	function	75564	84867
Jk	function	75571	84880
IC	const	75578	84891
v7	class	75580	84897
eL	function	75651	84985
U30	async	75658	84999
$30	async	75673	85027
W30	function	75680	85037
H30	function	75686	85044
q30	function	75693	85053
Q1	function	75699	85059
K30	function	75702	85062
j30	function	75715	85069
tL	const	75739	85086
X30	function	75741	85088
Y30	function	75751	85099
Z30	function	75999	85240
Q30	function	76009	85254
J30	function	76012	85257
e40	function	76022	85271
t40	function	76025	85274
n40	function	76048	85296
E3	function	76269	85510
At	function	76281	85522
kC	function	76293	85534
LC	function	76301	85542
id	function	76305	85546
ul	class	76308	85549
i40	function	76994	86180
r40	function	77002	86193
s40	function	77021	86208
o40	function	77040	86222
g9	function	77052	86230
a40	function	77057	86237
h6	function	77061	86244
c40	const	77080	86267
iL	function	77081	86273
rL	function	77099	86287
PC	const	77112	86313
mv	class	77114	86315
wv	class	77191	86403
os	const	77256	86487
sL	class	77257	86488
y7	class	77453	86707
l40	function	77492	86753
gi	const	77500	86760
A7	class	77503	86763
h40	async	77731	87038
d40	function	77738	87043
f40	function	77771	87075
p40	async	77784	87093
g40	async	77789	87100
m40	function	77794	87107
w40	function	77812	87133
v40	function	77898	87176
y40	function	77901	87182
rd	function	77925	87207
A40	async	77938	87220
v4	const	78184	87424
aL	function	78188	87428
M40	function	78191	87431
x40	function	78242	87501
S40	class	78311	87594
C40	function	78363	87637
d6	class	78371	87647
E40	function	78394	87676
T40	function	78430	87715
cL	function	78535	87813
lL	function	78538	87816
Tg	function	78545	87819
_40	function	78560	87832
uL	function	78573	87839
hL	function	78581	87845
dL	function	78586	87855
G40	function	78589	87862
No	function	78717	88002
B40	function	78721	88006
R40	function	78736	88021
I40	class	78747	88032
k40	class	78775	88063
L40	class	78811	88108
Y3	const	78843	88141
fL	function	78844	88142
H9	const	78848	
F40	class	78850	88147
D40	class	78901	88221
w9	const	78941	
sd	function	78964	88375
pL	class	78974	88397
gL	function	79221	88729
pr	function	79226	88736
mL	function	79229	88742
wL	function	79232	88751
vL	class	79255	88823
U40	class	79272	88844
yL	class	79322	88911
as	function	79460	89049
J8	function	79472	89061
$40	class	79475	89068
DC	function	79535	89135
W40	const	79539	89141
ec	function	79560	89174
x5	const	79563	89177
J40	class	79742	89526
AL	class	80518	90354
ei0	function	83679	93501
ti0	function	83684	93518
ni0	function	83698	93535
F2	function	83720	93582
O9	function	83723	93589
qt	function	83726	93596
a1	function	83729	93601
hd	function	83732	93606
Ze	function	83735	93613
s9	function	83738	93620
c9	function	83741	93627
bt	function	83744	93632
KC	function	83747	93637
t1	function	83752	93642
dd	function	83755	93647
wi	function	83758	93652
L2	function	83761	93657
ii0	function	83764	93662
V9	function	83767	93665
d1	function	83770	93668
ri0	function	83773	93671
jC	function	83779	93686
si0	function	83785	93698
oi0	function	83791	93713
fd	function	83797	93723
Tn	function	83809	93737
XC	function	83816	93744
YC	function	83822	93752
ai0	function	83828	93760
ZC	function	83832	93764
bL	function	83838	93779
hl	function	83841	93782
ML	function	83846	93799
xL	function	83853	93818
ic	function	83856	93825
ci0	function	83859	93832
QC	function	83866	93851
SL	function	83874	93863
CL	function	83915	93932
EL	function	83932	93961
TL	function	83935	93964
li0	function	83938	93972
ui0	function	83959	93996
Gg	function	83964	94009
F4	function	83991	94045
Mt	function	83996	94051
_n	function	83999	94056
pd	function	84003	94063
m	function	84008	
JC	function	84011	94071
gd	function	84014	94080
vi	function	84017	94089
ls	function	84020	94095
md	function	84023	94101
wd	function	84029	94107
w0	const	84032	
vv	function	84033	94110
Oo	function	84041	94118
S5	function	84068	94132
hi0	function	84074	94138
vd	function	84113	94163
yd	function	84120	94166
Ad	function	84127	94169
yv	function	84134	94172
bd	function	84139	94177
f1	const	84142	
di0	function	84143	94180
Md	function	84177	94230
dl	const	84180	94233
pi0	function	84185	94238
_L	class	84206	94268
gi0	class	84836	94973
eE	class	84949	95132
mi0	class	85017	95228
Re	function	85180	95461
wi0	const	85183	95464
Sd	function	85184	95465
sc	function	85187	95468
Cd	function	85190	95471
Ed	function	85194	95481
vi0	function	85198	95491
tE	function	85201	95497
yi0	function	85209	95507
Ai0	function	85225	95528
C5	function	85293	95580
Av	function	85300	95587
nE	function	85329	95621
GL	function	85339	95631
bi0	function	85346	95638
q5	function	85352	95654
iE	function	85358	95660
Td	function	85370	95674
_d	function	85373	95677
oc	const	85383	95687
rE	function	85389	95717
On	function	85403	95739
bv	function	85406	95746
Rg	function	85409	95751
I1	function	85412	95754
E5	function	85415	95761
Mi0	function	85420	95768
Ld	function	85426	95776
N1	function	85429	95779
fl	function	85432	95786
Tt	function	85435	95791
Mv	function	85438	95798
xt	function	85441	95803
xi0	function	85444	95806
Si0	function	85451	95813
t0	function	85454	95816
Ci0	class	85457	95819
sE	const	85885	96223
BL	class	85886	96224
Y0	const	85916	
RL	function	85917	96252
xv	function	85924	96271
Ei0	function	85938	96283
Ig	function	85945	96302
IL	function	85969	96324
oE	const	86010	96393
kL	function	86015	96410
LL	function	86023	96434
PL	function	86033	96442
i2	const	86036	
Gi0	class	86051	96470
Bi0	class	86233	96679
us	const	86516	96981
FL	function	86518	96993
Ii0	function	86521	96996
ki0	class	86540	97048
b9	const	86609	
Li0	function	86612	97125
m2	const	86653	
uE	function	86679	97235
hE	function	86690	97255
Pi0	function	86698	97267
Nd	const	86738	97301
Di0	function	86750	97312
h1	const	86801	
Vi0	class	86802	97357
Ni0	class	86937	97485
M9	const	86966	
Oi0	function	86968	97530
zi0	function	86986	97557
fE	class	87004	97582
Ui0	class	87092	97679
NL	const	87547	98066
zn	function	87548	98067
OL	function	87551	98070
f6	function	87562	98081
$i0	class	87570	98087
pE	function	87629	98165
Wi0	function	87649	98194
Hi0	function	87671	98218
Sv	function	87683	98231
Cv	function	87686	98243
Ev	function	87704	98282
zL	function	87710	98295
qi0	function	87714	98302
Ki0	function	87717	98312
gE	function	87735	98339
ji0	function	87744	98342
Xi0	function	87750	98345
p6	function	87753	98352
Yi0	function	87756	98355
u2	function	87761	98361
jt	const	87764	
UL	function	87770	98368
Zi0	function	87786	98385
o9	const	87796	
cc	class	87799	98423
Ji0	function	87913	98560
er0	function	87941	98582
Pg	function	87947	98589
tr0	function	87950	98592
mE	class	87975	98617
nr0	function	88041	98695
wE	function	88061	98698
ir0	function	88079	98720
rr0	function	88150	98803
Ud	function	88170	98824
vE	function	88173	98828
sr0	function	88183	98838
Ks	class	88201	98869
$L	const	88353	99050
ar0	function	88364	99109
cr0	class	88367	99112
n9	const	88396	
ur0	function	88400	99148
hr0	class	88414	99165
dr0	function	88502	99295
$d	async	88505	99298
Tv	class	88524	99316
_3	function	88561	99356
S4	class	88568	99363
_v	class	88739	99558
J0	const	88819	
yE	function	88823	99674
AE	function	88830	99681
er	function	88837	99692
HL	function	88840	99699
qL	function	88844	99707
fr0	function	88853	99716
pr0	function	88863	99742
gr0	function	88876	99763
mr0	function	88896	99795
wr0	function	88905	99809
Bv	class	88927	99845
vr0	class	89060	99996
Rv	const	89073	100007
yr0	class	89074	100008
Ar0	function	89133	100087
br0	function	89136	100092
bE	class	89140	100096
Mr0	function	89176	100139
xr0	function	89238	100171
lc	function	89254	100178
ME	const	89265	100189
KL	class	89269	100197
Cr0	function	89324	100266
Er0	function	89333	100287
CE	function	89342	100308
uc	function	89346	100316
hc	function	89349	100319
g6	function	89352	100322
EE	function	89355	100329
F5	function	89358	100336
js	function	89361	100343
Xs	function	89364	100346
jL	function	89367	100349
TE	function	89370	100352
l9	function	89373	100359
Iv	function	89376	100362
XL	function	89381	100368
YL	function	89392	100387
ZL	function	89395	100393
Tr0	class	89404	100403
_r0	function	89435	100443
Gr0	function	89481	100487
Br0	function	89495	100501
Rr0	class	89502	100519
QL	function	89517	100541
JL	function	89535	100552
eP	function	89538	100559
tP	class	89541	100564
nP	class	89566	100598
Y9	const	89637	
iP	class	89638	100680
Wd	function	89672	100733
rP	class	89678	100746
sP	class	89690	100756
Vg	class	89742	100820
_E	const	89938	100948
GE	let	89945	100955
Vr0	function	89946	100956
kv	function	90008	101019
oP	const	90030	101034
b7	class	90034	101058
zr0	function	90195	101258
Ur0	function	90204	101279
$r0	function	90215	101296
BE	function	90223	101307
gl	function	90228	101313
RE	function	90231	101316
Wr0	function	90234	101319
Hr0	function	90241	101322
Pv	function	90244	101328
_a	class	90253	101331
M2	const	90333	
qr0	class	90344	101460
Fv	class	90457	101615
Kr0	class	90702	101883
jr0	class	90789	101996
aP	class	91806	102947
Xr0	const	91813	102954
Yr0	class	91814	102962
fc	function	92048	103165
Zr0	function	92055	103168
cP	async	92079	103203
Ng	function	92087	103227
Qr0	const	92098	103243
LE	function	92100	103245
PE	function	92103	103248
Jr0	function	92106	103251
Dv	class	92111	103256
es0	const	92344	103509
ds0	function	92361	103529
fs0	function	92364	103532
ps0	function	92367	103538
jd	const	92370	103541
ms0	function	92373	103544
ws0	function	92378	103558
vs0	function	92386	103566
M7	class	92391	103574
ys0	function	92613	103811
As0	function	92616	103814
bs0	function	92625	103817
Ms0	function	92675	103867
DE	function	92698	103877
xs0	async	92713	103892
Gn	function	92725	103903
yi	async	92731	103910
Ss0	function	92744	103928
Yd	function	92794	104000
Z3	function	92821	104016
y4	function	92833	104032
le	function	92838	104039
Ys	function	92848	104052
VE	function	92854	104060
zg	function	92859	104072
lP	const	92863	104075
Cs0	function	92864	104076
uP	function	92877	104101
Vv	function	92901	104133
NE	const	92921	104143
fP	function	92940	104162
Fs0	class	92949	104179
Ds0	const	93011	104288
Ns0	function	93017	104301
Os0	function	93021	104308
zs0	function	93024	104314
Us0	function	93027	104317
wc	const	93058	104348
$s0	function	93059	104349
Ws0	async	93071	104363
x7	class	93110	104404
Hs0	function	93195	104493
UE	const	93367	104654
qs0	class	93373	104660
Ks0	async	93403	104693
js0	const	93431	104722
Zs0	async	93435	104726
Qs0	async	93460	104752
Js0	function	93469	104770
eo0	function	93483	104784
to0	function	93489	104790
no0	const	93497	104797
io0	function	93500	104800
ro0	async	93503	104803
so0	async	93513	104816
oo0	async	93524	104832
gP	function	93554	104862
ao0	async	93562	104870
co0	async	93573	104882
lo0	function	93587	104896
uo0	async	93595	104904
ho0	async	93598	104907
do0	async	93615	104926
fo0	class	93622	104935
po0	async	93715	105046
go0	function	93727	105058
mo0	async	93735	105064
wo0	async	93743	105073
vo0	async	93748	105082
yo0	async	93753	105091
Ao0	async	93756	105096
bo0	async	93764	105109
Mo0	async	93778	105126
xo0	function	93804	105153
So0	async	93810	105162
$E	async	93825	105182
Co0	function	93833	105192
Eo0	function	93841	105208
To0	function	93849	105218
_o0	function	93857	105233
Go0	function	93862	105239
Bo0	function	93868	105248
Ro0	function	93873	105254
mP	function	93878	105260
WE	function	93881	105263
Nv	const	93884	105266
ko0	class	93891	105281
qE	function	94198	105585
Lo0	function	94201	105588
KE	function	94207	105591
jE	function	94210	105594
vP	function	94254	105645
XE	function	94257	105648
Po0	function	94270	105666
Fo0	function	94277	105673
Do0	function	94282	105679
Vo0	function	94287	105685
i1	function	94293	105691
$g	function	94296	105697
vc	let	94305	105709
No0	function	94306	105710
De	function	94316	105725
Uo	const	94319	
bP	function	94344	105741
zo0	function	94632	105877
Uo0	const	94791	105987
$o0	class	94794	105990
Wo0	function	95110	106269
Ho0	function	95113	106272
X1	function	95119	106284
QE	function	95124	106291
JE	function	95131	106298
qo0	function	95138	106305
yc	function	95175	106327
Ko0	async	95178	106333
eT	function	95194	106353
jo0	function	95239	106387
Xo0	function	95330	106500
Yo0	const	95345	106515
Qo0	class	95355	106525
Jo0	class	95482	106652
ut	const	95532	106710
xP	function	95800	107441
SP	function	95803	107444
CP	function	95806	107447
ta0	function	95809	107450
Ga	const	95819	107463
v6	function	95822	107466
tT	const	95825	107469
sa0	function	95845	107489
EP	function	95852	107500
TP	const	95859	
oa0	function	95860	107507
Hg	function	95888	107535
aa0	function	95900	107556
ca0	function	95910	107569
_P	const	95913	107575
la0	function	95934	107600
ua0	function	95955	107621
RP	function	95958	107625
ha0	const	95988	107659
IP	function	96030	107710
fa0	function	96035	107720
nT	function	96045	107737
C4	const	96057	107743
Ue	function	96063	107756
kP	function	96068	107764
y6	function	96071	107767
LP	const	96074	
Di	function	96082	107799
zv	function	96085	107805
Ac	function	96088	107811
Uv	function	96098	107825
DP	function	96103	107832
wa0	function	96112	107843
$v	function	96115	107846
VP	function	96122	107856
va0	function	96125	107862
iT	function	96132	107884
ya0	function	96139	107892
NP	function	96147	107900
Aa0	const	96159	107914
Ma0	class	96188	107943
rT	function	96519	108350
xa0	class	96526	108362
Sa0	function	96583	108428
Ca0	function	96586	108433
S7	const	96589	108439
Jd	function	96604	108454
wl	function	96613	108478
ef	function	96620	108487
Q3	function	96632	108500
sT	function	96635	108503
oT	function	96638	108506
Ea0	function	96641	108509
OP	const	96644	108512
gr	function	96649	108550
Ta0	function	96664	108571
aT	function	96668	108578
cT	function	96694	108612
_a0	function	96697	108616
UP	function	96723	108654
Ga0	function	96733	108671
Ba0	function	96740	108680
Ra0	function	96762	108699
kt	function	96766	108705
Ia0	const	96770	108710
ka0	function	96782	108722
La0	async	96792	108725
Pa0	async	96893	108820
Fa0	async	96899	108827
Da0	async	96905	108834
Va0	function	96922	108856
tf	async	96933	108867
A6	function	96948	108888
Le	const	96954	
Oa0	function	96958	108898
za0	function	96966	108909
Qs	function	96969	108915
Ua0	function	96982	108940
$a0	function	96988	108949
J3	function	97012	108973
Jf0	function	97020	108981
vl	function	97028	108990
Wa0	function	97040	109007
Wv	function	97049	109020
i4	function	97052	109023
$P	function	97055	109029
Ha0	function	97067	109048
Hv	function	97078	109059
uT	function	97091	109079
qa0	function	97114	109095
nf	function	97123	109101
b6	class	97129	109107
qv	function	97282	109246
bc	function	97285	109252
Kv	function	97290	109255
rf	function	97293	109259
jv	const	97299	109267
WP	class	97301	109269
HP	function	97335	109316
Wo	function	97346	
qP	function	97363	109363
ds	class	97393	109393
KP	function	97468	109469
Ka0	function	97472	109477
ja0	function	97476	109485
Xa0	function	97479	109490
Mc	function	97482	109494
ep0	function	97485	109497
tp0	function	97528	109551
np0	function	97537	109554
Bn	const	97540	109557
jP	function	97544	
G3	const	97553	109564
C7	class	97589	109663
XP	function	98760	110901
YP	const	98769	110921
ZP	function	98770	
Yv	function	98779	
T4	function	98787	
Zv	function	98807	110978
dT	function	98812	110983
E7	class	98815	110986
xc	function	99470	111710
QP	function	99473	
sf	function	99476	111719
of	function	99481	111725
t80	function	99484	111728
n80	function	99487	111731
Qv	async	99490	
T7	async	99602	
Jv	async	99626	
JP	function	99817	
i80	async	99835	112082
r80	function	99867	112109
eF	function	99879	112114
tF	function	99884	112120
s80	function	99889	112126
nF	function	99894	112132
o80	function	99910	112145
a80	function	99934	112171
af	function	99944	112185
ey	function	99947	
Js	function	99960	
Lt	function	99967	
fT	function	99978	112224
iF	function	99981	112227
Ho	async	99985	112234
c80	async	100046	112309
l80	async	100120	112435
Vi	const	100129	112457
u80	function	100130	112458
h80	function	100142	112471
d80	async	100151	112478
cf	function	100297	112661
pT	function	100302	112668
f80	function	100308	112676
p80	function	100320	112688
ae	async	100336	112703
g80	async	100349	112721
lf	function	100352	112724
yl	function	100356	
rF	function	100360	
sF	function	100367	
Ae	function	100375	112764
gT	function	100384	112777
uf	function	100389	112784
m80	function	100392	112787
kn	function	100405	112790
R1	function	100415	112800
oF	function	100421	112807
w80	const	100427	112814
ty	class	100500	112928
ny	class	100880	113350
B80	function	100923	113393
R80	async	100929	113401
I80	async	101008	113487
k80	function	101033	113517
L80	function	101055	113559
Yg	function	101085	113593
Zg	function	101088	113596
mT	function	101091	113599
P80	function	101100	113613
lF	function	101110	113627
uF	function	101113	113630
hF	function	101116	113633
M6	function	101119	113639
F80	function	101122	113645
D80	async	101132	113653
V80	async	101136	113662
dF	function	101145	113676
N80	function	101161	113704
O80	function	101164	113710
K5	async	101176	113724
z80	async	101189	113742
U80	function	101192	113745
$80	function	101204	113757
Yn	function	101220	113772
fF	function	101224	113779
W80	function	101240	113801
wT	function	101269	113843
fs	function	101272	113846
df	function	101275	113849
H80	function	101289	113863
vT	const	101294	113870
q80	function	101295	113871
K80	function	101302	113879
j80	function	101309	113888
X80	function	101316	113897
bl	function	101319	113901
Y80	function	101324	113908
yT	function	101329	113918
ff	function	101347	113944
Z80	function	101350	113947
Q80	function	101353	113953
pF	function	101359	113959
J80	function	101362	113962
pf	function	101366	113972
Oi	function	101371	113979
et	function	101376	113986
ec0	function	101382	113993
gF	function	101393	114000
tc0	function	101399	114007
nc0	function	101405	114014
Ai	const	101408	114017
_7	class	101418	114030
ac0	async	102422	115037
cc0	async	102501	115135
lc0	async	102524	115161
uc0	function	102579	115226
hc0	function	102589	115246
$3	async	102594	115249
dc0	async	102597	115257
iy	function	102600	115265
_t	function	102609	115277
fc0	function	102612	115280
pc0	function	102620	115295
o4	async	102632	115309
gc0	async	102645	115327
mc0	function	102648	115330
wc0	function	102660	115342
vc0	function	102676	115357
nt	function	102701	115396
yc0	function	102710	115412
Ac0	function	102719	115425
AT	function	102723	115434
gf	function	102733	115444
bT	function	102736	115447
MT	function	102741	115454
xT	function	102748	115463
bc0	function	102777	115505
mf	const	102784	115508
xc0	function	102786	115510
Sc0	function	102793	115530
I5	function	102802	115544
ST	function	102805	115547
Ct	function	102845	115652
Ln	function	102858	115655
de	function	102868	115665
Cc0	function	102874	115672
mF	function	102885	115679
Ec0	function	102891	115686
Tc0	class	102894	115689
wF	const	102920	115723
ry	class	102927	115730
vF	function	103091	115906
Rc0	function	103096	115912
Ic0	function	103107	115936
kc0	async	103117	115950
Lc0	function	103142	115983
Pc0	function	103159	116003
ET	function	103163	116010
yF	function	103171	116025
AF	function	103177	116032
sy	function	103182	116039
TT	async	103187	116046
Fc0	function	103202	116062
Dc0	function	103250	116103
Vc0	function	103277	116129
_i	const	103357	116238
qc0	async	103370	116251
Kc0	function	103443	116359
Qg	function	103449	116377
_T	const	103452	116381
Xc0	function	103456	116389
GT	function	103487	116430
MF	function	103527	116518
Ec	function	103531	116525
Ml	function	103537	116546
Yc0	function	103542	116553
Zc0	async	103554	116567
Qc0	function	103569	116583
Jc0	const	103586	116605
oy	class	103610	116634
tl0	function	104767	117914
BT	function	104772	117920
nl0	function	104775	117923
il0	function	104778	117929
rl0	function	104784	117936
RT	function	104787	117939
sl0	function	104790	117942
IT	function	104795	117953
ol0	function	104800	117960
al0	function	104810	117970
tm	function	104817	117979
cl0	function	104822	117982
ll0	class	104829	117998
ul0	const	104967	
vf	function	104976	118154
kT	const	105007	118188
pl0	class	105010	118191
gl0	class	105511	118762
LT	class	105552	118814
ml0	const	106198	119517
ay	function	106199	119518
Ko	function	106248	119560
cy	const	106253	119566
xF	function	106255	119568
wl0	function	106263	119579
SF	function	106270	119588
jo	const	106276	119594
vl0	function	106303	119628
Xo	async	106342	119682
CF	class	106368	119711
yl0	async	106456	119820
PT	async	106484	119862
Al0	function	106568	119967
hy	const	106642	120060
im	function	106643	120061
EF	function	106651	120072
bl0	function	106656	120077
Ml0	function	106661	120082
xl0	class	106681	120111
Sl0	async	106729	120173
Cl0	function	106744	120193
El0	class	106760	120206
Tl0	class	106811	120269
dy	class	106958	120397
fy	class	107045	120484
_l0	const	107164	120623
kl0	function	107169	120628
FT	function	107182	120648
TF	function	107194	120668
DT	function	107198	120676
Ll0	async	107220	120703
Pl0	function	107230	120713
Fl0	function	107419	120913
py	class	107450	120943
gy	class	108336	121819
_F	function	108420	121903
Dl0	function	108485	121977
my	class	108497	122003
VT	const	108608	122142
wy	class	108613	122147
Vl0	function	108664	122216
vy	class	108708	122263
Nl0	async	108856	122437
yy	class	108892	122488
NT	function	109002	122637
Ol0	function	109022	122674
zl0	function	109027	122681
b1	class	109064	122708
Ul0	class	109566	123316
$l0	const	109598	123351
Wl0	class	109607	123360
C1	function	111110	124691
Hl0	function	111170	124762
ql0	class	111175	124772
xl	function	112046	125690
Kl0	const	112052	125697
jl0	class	112053	125698
yf	function	112161	125835
Xl0	class	112167	125841
Yl0	const	112208	125906
Zl0	class	112209	125907
Ql0	class	112250	125954
Ne	var	112278	125991
Jl0	function	112287	126005
Un	function	112290	126008
e60	function	112293	126011
t60	function	112296	126014
GF	class	112299	126017
OT	function	112475	126250
Z1	function	112478	126253
n60	class	112481	126256
i60	function	112612	126377
zT	const	112615	126383
r60	class	112622	126402
$T	function	112914	126708
WT	function	112920	126714
HT	function	112941	126737
s60	function	112944	126740
Ay	function	112958	126758
o60	function	112961	126761
a60	function	112970	126764
_c	function	112980	126778
BF	const	112983	126781
l60	class	112999	126801
Mi	function	113457	127214
u60	function	113460	127217
h60	function	113467	127224
d60	const	113475	127235
Rr	function	113479	127239
p60	const	113483	127245
eo	const	113518	127371
Zo	const	113520	127373
Qo	const	113522	127375
Sy	const	113524	127377
E6	const	113526	127379
Mf	function	113528	127381
VF	let	113536	127389
xf	function	113537	127392
zF	const	113540	127397
QT	let	113827	127828
T60	const	113828	127829
R60	var	113883	127897
D60	const	113895	127909
ea	var	113907	127925
V60	const	113908	127926
k1	var	113926	127948
h70	let	114040	128048
Pe	const	114042	128050
Ut	function	114479	128504
Bs	const	114486	128511
g70	function	114513	128538
Ia	const	114578	128603
b70	var	114931	129006
B70	const	114951	129026
R70	var	114952	129027
QF	let	114974	129061
ta	const	114980	129067
k70	var	114995	129072
L70	const	115034	129123
P70	var	115044	129133
D70	function	115082	129194
JF	var	115096	129208
eD	const	115097	
ka	function	115109	129211
Ey	function	115208	129325
q70	function	115213	129333
K70	function	115216	129338
j70	var	115219	129343
Bc	const	115224	129353
eu0	var	115226	129355
Si	const	115366	129569
no	var	115481	129859
ou0	const	115482	129860
gu0	function	115539	129901
D4	const	115577	129939
B_	let	115631	130024
wu0	const	115634	130027
Mu0	var	116355	
Iu0	function	116377	131019
ku0	var	116389	131031
dD	const	116390	
La	function	116401	131034
Ty	function	116514	
Vu0	function	116519	131167
Nu0	var	116522	131172
Qu0	var	116529	
ah0	const	116549	131202
B6	function	116563	131221
_y	function	116566	131227
Gy	function	116569	131230
uh0	function	116572	131233
hh0	function	116575	131236
yD	function	116578	131239
AD	function	116581	131242
bD	function	116584	131245
k_	function	116587	131248
dh0	function	116591	131255
MD	function	116599	131265
fh0	function	116605	131273
By	function	116608	131276
xD	function	116621	131289
Pf	function	116635	131303
L3	function	116639	131313
Ff	function	116642	131316
ph0	function	116651	131328
gh0	function	116657	131336
mh0	function	116679	131372
SD	class	116694	131387
CD	function	116752	131457
ED	class	116758	131465
wh0	function	116797	131515
vh0	function	116884	131611
yh0	function	116963	131691
TD	function	117019	131749
_D	function	117036	131766
Ah0	function	117047	131781
bh0	function	117053	131789
Mh0	function	117062	131806
xh0	function	117109	131862
Sh0	function	117114	131869
Ch0	const	117124	131883
Th0	class	117127	131886
L_	function	117229	132002
_h0	function	117248	132026
Df	function	117254	132032
Pc	function	117261	132039
Gh0	function	117265	132044
GD	function	117293	132072
BD	function	117306	132091
RD	function	117326	132111
ID	function	117330	132118
P_	function	117335	132129
Vf	const	117338	132132
kD	class	117340	132134
Rh0	class	117395	132203
Ih0	function	117408	132225
F_	function	117437	132261
D_	const	117456	132275
Lh0	class	117459	132286
Ph0	function	117492	132327
LD	function	117521	132356
PD	const	117525	132363
Pt	class	117527	132365
V_	function	117658	132544
N_	function	117667	132550
Dh0	function	117675	132553
Nf	function	117681	132563
Vh0	function	117685	132568
O_	function	117699	132603
z_	function	117706	132614
Nh0	class	117709	132620
Oh0	function	117808	132734
zh0	function	117820	132747
U_	function	117861	132789
P3	function	117885	132814
Uh0	const	117891	132823
FD	function	117892	132824
Dc	function	117909	132853
$h0	function	117920	132869
Wh0	function	117929	132876
Hh0	const	117951	132897
Kh0	function	117961	132912
jh0	function	117969	132923
Xh0	function	117974	132928
Yh0	class	117978	132932
Zh0	function	118007	132972
Qh0	function	118018	132983
Jh0	function	118029	133008
ed0	function	118033	133017
$_	const	118037	133026
VD	function	118038	133027
zf	function	118055	133053
td0	function	118062	133071
nd0	function	118077	133091
R6	function	118096	133109
Ry	function	118105	133128
Iy	function	118110	133138
id0	function	118115	133148
W_	function	118148	133199
ND	function	118167	133238
H_	function	118177	133247
rd0	function	118189	133264
Uf	function	118194	133269
sd0	function	118209	133286
gm	function	118217	133294
OD	function	118220	133300
ky	function	118223	133303
od0	function	118229	133320
ad0	function	118232	133328
cd0	function	118235	133336
$f	function	118238	133344
q_	function	118246	133352
ld0	function	118253	133371
io	function	118259	133389
en	function	118262	133397
ud0	function	118265	133404
hd0	function	118272	133411
dd0	function	118288	133439
K_	function	118295	133446
fd0	function	118298	133453
L9	function	118301	133456
j_	const	118304	133459
zD	function	118305	133460
pd0	function	118312	133473
gd0	function	118323	133491
md0	function	118336	133507
Ly	class	118339	133514
X_	function	118551	133694
wd0	function	118558	133698
vd0	class	118571	133718
yd0	function	118634	133789
Py	class	118637	133795
Ad0	const	118721	133879
n1	function	118744	133902
F3	function	118749	133909
ms	function	118758	133918
Td0	async	118761	133921
U5	function	118926	134108
Y_	function	118929	134111
_d0	async	118990	134169
Gd0	function	119066	134245
Fy	class	119069	134248
Bd0	class	119588	134806
Rd0	class	119643	134861
ws	const	119676	134901
Dy	class	119690	134915
zd0	async	119853	135101
Ud0	function	119901	135155
Z_	function	119923	135177
Hf	async	119934	135188
KD	async	119942	135199
Q_	function	119955	135217
$d0	async	119961	135222
Wd0	function	119964	135225
Hd0	function	119975	135245
j5	function	119991	135260
jD	function	119997	135267
E1	function	120001	135272
Vy	function	120005	135278
wm	function	120010	135285
qd0	function	120015	135292
Gi	function	120021	135299
XD	function	120027	135306
Kd0	function	120033	135313
qf	function	120046	135327
jd0	const	120085	135377
Xd0	class	120086	135391
J_	const	120329	135670
P7	class	120367	135710
Zd0	function	120535	135902
Qd0	function	120543	135912
Jd0	function	120551	135921
eG	async	120570	135940
Kt	async	120580	135954
G5	function	120584	135958
ef0	function	120589	135965
tG	function	120597	135977
tf0	function	120603	135980
nf0	class	120624	136009
if0	class	120661	136055
rf0	class	121369	136628
YD	class	121386	136646
sf0	class	121387	136648
of0	class	121475	136733
af0	class	121476	136735
cf0	class	121494	136753
lf0	const	121522	136787
nG	function	121523	136788
uf0	class	121526	136791
hf0	class	121553	136819
df0	class	121591	136874
ff0	function	122494	137611
pf0	function	122501	137620
iG	function	122506	137629
gf0	function	122510	137633
mf0	class	122520	137650
wf0	class	122532	137663
vf0	class	122569	137713
yf0	function	122885	138030
Af0	async	122895	138040
bf0	class	123049	138184
Mf0	class	123057	138192
xf0	const	123131	138262
Ny	class	123135	138266
Kf	async	123220	138375
Tf0	async	123226	138383
jf	const	123233	138394
Bf0	class	123236	138400
Rf0	function	124438	139610
If0	function	124480	139652
kf0	function	124529	139705
Lf0	function	124548	139727
Oy	const	124582	139760
ZD	const	124585	139765
