asset_path,bundle_path,object_type,object_name,path_id,exported_file,error
prefabs/kart_race/r_0045,ab/1d/1d5480ccc6e3b43703bd0ab7623e58b5.unity3d,Mesh,WIRE_r_0045_fr,-9106403381925983698,prefabs__kart_race__r_0045/-9106403381925983698_WIRE_r_0045_fr.obj,
prefabs/kart_race/r_0045,ab/1d/1d5480ccc6e3b43703bd0ab7623e58b5.unity3d,Mesh,WIRE_r_0045_chepai,-7355890828257088855,prefabs__kart_race__r_0045/-7355890828257088855_WIRE_r_0045_chepai.obj,
prefabs/kart_race/r_0045,ab/1d/1d5480ccc6e3b43703bd0ab7623e58b5.unity3d,Texture2D,r_0045_s,-7109299895815119704,prefabs__kart_race__r_0045/-7109299895815119704_r_0045_s.png,
prefabs/kart_race/r_0045,ab/1d/1d5480ccc6e3b43703bd0ab7623e58b5.unity3d,Texture2D,r_0045_4matcap,-5964516533811936346,prefabs__kart_race__r_0045/-5964516533811936346_r_0045_4matcap.png,
prefabs/kart_race/r_0045,ab/1d/1d5480ccc6e3b43703bd0ab7623e58b5.unity3d,Mesh,WIRE_r_0045_fl,-312598286243906209,prefabs__kart_race__r_0045/-312598286243906209_WIRE_r_0045_fl.obj,
prefabs/kart_race/r_0045,ab/1d/1d5480ccc6e3b43703bd0ab7623e58b5.unity3d,Texture2D,r_0045,-273322914426744430,prefabs__kart_race__r_0045/-273322914426744430_r_0045.png,
prefabs/kart_race/r_0045,ab/1d/1d5480ccc6e3b43703bd0ab7623e58b5.unity3d,Texture2D,,1645927772237528670,,EOFError: read_str out of bounds
prefabs/kart_race/r_0045,ab/1d/1d5480ccc6e3b43703bd0ab7623e58b5.unity3d,Texture2D,,3344001963539209983,,EOFError: read_str out of bounds
prefabs/kart_race/r_0045,ab/1d/1d5480ccc6e3b43703bd0ab7623e58b5.unity3d,Texture2D,,4357178700535252140,,EOFError: read_str out of bounds
prefabs/kart_race/r_0045,ab/1d/1d5480ccc6e3b43703bd0ab7623e58b5.unity3d,Texture2D,,6402596833673448901,,EOFError: read_str out of bounds
assets/res/common/guide/flagman/flagman.fbx,ab/3f/3f261f2f878a954fd37a85a3c72704b8.unity3d,Mesh,flagpole,-8720751798693059784,assets__res__common__guide__flagman__flagman.fbx/-8720751798693059784_flagpole.obj,
assets/res/common/guide/flagman/flagman.fbx,ab/3f/3f261f2f878a954fd37a85a3c72704b8.unity3d,Mesh,eyelid_r,-7974560296005429100,assets__res__common__guide__flagman__flagman.fbx/-7974560296005429100_eyelid_r.obj,
assets/res/common/guide/flagman/flagman.fbx,ab/3f/3f261f2f878a954fd37a85a3c72704b8.unity3d,Mesh,Circle,-7165576840378037959,assets__res__common__guide__flagman__flagman.fbx/-7165576840378037959_Circle.obj,
assets/res/common/guide/flagman/flagman.fbx,ab/3f/3f261f2f878a954fd37a85a3c72704b8.unity3d,Texture2D,room_d,-4693601827862762225,assets__res__common__guide__flagman__flagman.fbx/-4693601827862762225_room_d.png,
assets/res/common/guide/flagman/flagman.fbx,ab/3f/3f261f2f878a954fd37a85a3c72704b8.unity3d,Texture2D,Growth-mission_tx_bg2,-87814714176559060,assets__res__common__guide__flagman__flagman.fbx/-87814714176559060_Growth-mission_tx_bg2.png,
assets/res/common/guide/flagman/flagman.fbx,ab/3f/3f261f2f878a954fd37a85a3c72704b8.unity3d,Texture2D,,3589970381796848953,,ValueError: read_bytes out of bounds
assets/res/cabinres/house_fairy/fbx/house_fairy_ch3x1.fbx,ab/53/53d35b8e3e5af3b3af2f7ea9254510f4.unity3d,Mesh,house_fairy_ch1x3_1,-6666026591438557259,assets__res__cabinres__house_fairy__fbx__house_fairy_ch3x1.fbx/-6666026591438557259_house_fairy_ch1x3_1.obj,
assets/res/cabinres/house_fairy/fbx/house_fairy_ch3x1.fbx,ab/53/53d35b8e3e5af3b3af2f7ea9254510f4.unity3d,Mesh,Object025,783005130428941132,assets__res__cabinres__house_fairy__fbx__house_fairy_ch3x1.fbx/783005130428941132_Object025.obj,
assets/res/cabinres/house_fairy/fbx/house_fairy_ch3x1.fbx,ab/53/53d35b8e3e5af3b3af2f7ea9254510f4.unity3d,Texture2D,house_fairy_fz8x6,7678417006539106543,assets__res__cabinres__house_fairy__fbx__house_fairy_ch3x1.fbx/7678417006539106543_house_fairy_fz8x6.png,
assets/res/cabinres/house_fairy/fbx/house_fairy_ch3x1.fbx,ab/53/53d35b8e3e5af3b3af2f7ea9254510f4.unity3d,Texture2D,house_fairy_ch3x1,8327312838903015806,assets__res__cabinres__house_fairy__fbx__house_fairy_ch3x1.fbx/8327312838903015806_house_fairy_ch3x1.png,
