file,label_zh,confidence,sprite_name,atlas_asset_path,apk_entry,texture_name,x,y,width,height,note
maingame_2/bg_qipao_zidongfuwei.png,bg_qipao_zidongfuwei,,bg_qipao_zidongfuwei,assets/uires/uiatlas/maingame/maingame_2.prefab,assets/PlatformAssets/Android/ab/bc/bc72f2d8c09780670c82d8ce6b484ac3.unity3d,MainGame_2,987,195,32,60,完整图集自动裁切
maingame_2/BOSS_hd_baoxiang3.png,BOSS_hd_baoxiang3,,BOSS_hd_baoxiang3,assets/uires/uiatlas/maingame/maingame_2.prefab,assets/PlatformAssets/Android/ab/bc/bc72f2d8c09780670c82d8ce6b484ac3.unity3d,MainGame_2,728,672,203,160,完整图集自动裁切
maingame_2/button_shoudong-1.png,button_shoudong-1,,button_shoudong-1,assets/uires/uiatlas/maingame/maingame_2.prefab,assets/PlatformAssets/Android/ab/bc/bc72f2d8c09780670c82d8ce6b484ac3.unity3d,MainGame_2,162,135,130,40,完整图集自动裁切
maingame_2/button_shoudong-2.png,button_shoudong-2,,button_shoudong-2,assets/uires/uiatlas/maingame/maingame_2.prefab,assets/PlatformAssets/Android/ab/bc/bc72f2d8c09780670c82d8ce6b484ac3.unity3d,MainGame_2,0,116,130,40,完整图集自动裁切
maingame_2/button_zidong-1.png,button_zidong-1,,button_zidong-1,assets/uires/uiatlas/maingame/maingame_2.prefab,assets/PlatformAssets/Android/ab/bc/bc72f2d8c09780670c82d8ce6b484ac3.unity3d,MainGame_2,522,199,130,40,完整图集自动裁切
maingame_2/button_zidong-2.png,button_zidong-2,,button_zidong-2,assets/uires/uiatlas/maingame/maingame_2.prefab,assets/PlatformAssets/Android/ab/bc/bc72f2d8c09780670c82d8ce6b484ac3.unity3d,MainGame_2,334,169,130,40,完整图集自动裁切
maingame_2/button-1.png,button-1,,button-1,assets/uires/uiatlas/maingame/maingame_2.prefab,assets/PlatformAssets/Android/ab/bc/bc72f2d8c09780670c82d8ce6b484ac3.unity3d,MainGame_2,653,199,130,40,完整图集自动裁切
maingame_2/button-2.png,button-2,,button-2,assets/uires/uiatlas/maingame/maingame_2.prefab,assets/PlatformAssets/Android/ab/bc/bc72f2d8c09780670c82d8ce6b484ac3.unity3d,MainGame_2,0,411,131,40,完整图集自动裁切
maingame_2/button-2bg.png,button-2bg,,button-2bg,assets/uires/uiatlas/maingame/maingame_2.prefab,assets/PlatformAssets/Android/ab/bc/bc72f2d8c09780670c82d8ce6b484ac3.unity3d,MainGame_2,131,1,30,155,完整图集自动裁切
maingame_2/button-icon.png,button-icon,,button-icon,assets/uires/uiatlas/maingame/maingame_2.prefab,assets/PlatformAssets/Android/ab/bc/bc72f2d8c09780670c82d8ce6b484ac3.unity3d,MainGame_2,414,26,20,20,完整图集自动裁切
maingame_2/button-icon2.png,button-icon2,,button-icon2,assets/uires/uiatlas/maingame/maingame_2.prefab,assets/PlatformAssets/Android/ab/bc/bc72f2d8c09780670c82d8ce6b484ac3.unity3d,MainGame_2,932,707,60,60,完整图集自动裁切
maingame_2/chat__yuyin_maikefeng-1.png,chat__yuyin_maikefeng-1,,chat__yuyin_maikefeng-1,assets/uires/uiatlas/maingame/maingame_2.prefab,assets/PlatformAssets/Android/ab/bc/bc72f2d8c09780670c82d8ce6b484ac3.unity3d,MainGame_2,981,108,37,34,完整图集自动裁切
maingame_2/chat__yuyin_maikefeng-2.png,chat__yuyin_maikefeng-2,,chat__yuyin_maikefeng-2,assets/uires/uiatlas/maingame/maingame_2.prefab,assets/PlatformAssets/Android/ab/bc/bc72f2d8c09780670c82d8ce6b484ac3.unity3d,MainGame_2,517,64,30,38,完整图集自动裁切
maingame_2/chat_yuyin_tingtong-1.png,chat_yuyin_tingtong-1,,chat_yuyin_tingtong-1,assets/uires/uiatlas/maingame/maingame_2.prefab,assets/PlatformAssets/Android/ab/bc/bc72f2d8c09780670c82d8ce6b484ac3.unity3d,MainGame_2,339,506,30,39,完整图集自动裁切
maingame_2/chat_yuyin_tingtong-2.png,chat_yuyin_tingtong-2,,chat_yuyin_tingtong-2,assets/uires/uiatlas/maingame/maingame_2.prefab,assets/PlatformAssets/Android/ab/bc/bc72f2d8c09780670c82d8ce6b484ac3.unity3d,MainGame_2,288,48,37,32,完整图集自动裁切
maingame_2/chat_yuyin_tips-1.png,chat_yuyin_tips-1,,chat_yuyin_tips-1,assets/uires/uiatlas/maingame/maingame_2.prefab,assets/PlatformAssets/Android/ab/bc/bc72f2d8c09780670c82d8ce6b484ac3.unity3d,MainGame_2,614,34,32,32,完整图集自动裁切
maingame_2/chat_yuyin_tips-2.png,chat_yuyin_tips-2,,chat_yuyin_tips-2,assets/uires/uiatlas/maingame/maingame_2.prefab,assets/PlatformAssets/Android/ab/bc/bc72f2d8c09780670c82d8ce6b484ac3.unity3d,MainGame_2,970,241,14,14,完整图集自动裁切
maingame_2/common_juhua.png,common_juhua,,common_juhua,assets/uires/uiatlas/maingame/maingame_2.prefab,assets/PlatformAssets/Android/ab/bc/bc72f2d8c09780670c82d8ce6b484ac3.unity3d,MainGame_2,517,37,26,26,完整图集自动裁切
maingame_2/common_wifi01.png,common_wifi01,,common_wifi01,assets/uires/uiatlas/maingame/maingame_2.prefab,assets/PlatformAssets/Android/ab/bc/bc72f2d8c09780670c82d8ce6b484ac3.unity3d,MainGame_2,158,585,40,27,完整图集自动裁切
maingame_2/common_wifi02.png,common_wifi02,,common_wifi02,assets/uires/uiatlas/maingame/maingame_2.prefab,assets/PlatformAssets/Android/ab/bc/bc72f2d8c09780670c82d8ce6b484ac3.unity3d,MainGame_2,563,10,38,26,完整图集自动裁切
maingame_2/common_wifi03.png,common_wifi03,,common_wifi03,assets/uires/uiatlas/maingame/maingame_2.prefab,assets/PlatformAssets/Android/ab/bc/bc72f2d8c09780670c82d8ce6b484ac3.unity3d,MainGame_2,728,833,38,26,完整图集自动裁切
maingame_2/common_xinhao01.png,common_xinhao01,,common_xinhao01,assets/uires/uiatlas/maingame/maingame_2.prefab,assets/PlatformAssets/Android/ab/bc/bc72f2d8c09780670c82d8ce6b484ac3.unity3d,MainGame_2,711,8,32,28,完整图集自动裁切
maingame_2/common_xinhao02.png,common_xinhao02,,common_xinhao02,assets/uires/uiatlas/maingame/maingame_2.prefab,assets/PlatformAssets/Android/ab/bc/bc72f2d8c09780670c82d8ce6b484ac3.unity3d,MainGame_2,602,6,32,27,完整图集自动裁切
maingame_2/common_xinhao03.png,common_xinhao03,,common_xinhao03,assets/uires/uiatlas/maingame/maingame_2.prefab,assets/PlatformAssets/Android/ab/bc/bc72f2d8c09780670c82d8ce6b484ac3.unity3d,MainGame_2,635,6,32,27,完整图集自动裁切
maingame_2/GameLapTip_Lap2.png,GameLapTip_Lap2,,GameLapTip_Lap2,assets/uires/uiatlas/maingame/maingame_2.prefab,assets/PlatformAssets/Android/ab/bc/bc72f2d8c09780670c82d8ce6b484ac3.unity3d,MainGame_2,392,356,232,77,完整图集自动裁切
maingame_2/GameLapTip_LastLap.png,GameLapTip_LastLap,,GameLapTip_LastLap,assets/uires/uiatlas/maingame/maingame_2.prefab,assets/PlatformAssets/Android/ab/bc/bc72f2d8c09780670c82d8ce6b484ac3.unity3d,MainGame_2,593,434,308,76,完整图集自动裁切
maingame_2/GameLapTip_WrongWay.png,GameLapTip_WrongWay,,GameLapTip_WrongWay,assets/uires/uiatlas/maingame/maingame_2.prefab,assets/PlatformAssets/Android/ab/bc/bc72f2d8c09780670c82d8ce6b484ac3.unity3d,MainGame_2,0,452,157,160,完整图集自动裁切
maingame_2/guide_popup_jiesuan.png,guide_popup_jiesuan,,guide_popup_jiesuan,assets/uires/uiatlas/maingame/maingame_2.prefab,assets/PlatformAssets/Android/ab/bc/bc72f2d8c09780670c82d8ce6b484ac3.unity3d,MainGame_2,0,79,99,36,完整图集自动裁切
maingame_2/icon_jiesuan_defen.png,icon_jiesuan_defen,,icon_jiesuan_defen,assets/uires/uiatlas/maingame/maingame_2.prefab,assets/PlatformAssets/Android/ab/bc/bc72f2d8c09780670c82d8ce6b484ac3.unity3d,MainGame_2,678,38,27,28,完整图集自动裁切
maingame_2/icon_jiesuan_jiluo.png,icon_jiesuan_jiluo,,icon_jiesuan_jiluo,assets/uires/uiatlas/maingame/maingame_2.prefab,assets/PlatformAssets/Android/ab/bc/bc72f2d8c09780670c82d8ce6b484ac3.unity3d,MainGame_2,678,7,32,29,完整图集自动裁切
maingame_2/jiafen.png,jiafen,,jiafen,assets/uires/uiatlas/maingame/maingame_2.prefab,assets/PlatformAssets/Android/ab/bc/bc72f2d8c09780670c82d8ce6b484ac3.unity3d,MainGame_2,864,373,126,60,完整图集自动裁切
maingame_2/jn_font_shoudaogongji.png,jn_font_shoudaogongji,,jn_font_shoudaogongji,assets/uires/uiatlas/maingame/maingame_2.prefab,assets/PlatformAssets/Android/ab/bc/bc72f2d8c09780670c82d8ce6b484ac3.unity3d,MainGame_2,158,486,78,20,完整图集自动裁切
maingame_2/jn_tip_di.png,jn_tip_di,,jn_tip_di,assets/uires/uiatlas/maingame/maingame_2.prefab,assets/PlatformAssets/Android/ab/bc/bc72f2d8c09780670c82d8ce6b484ac3.unity3d,MainGame_2,370,701,165,48,完整图集自动裁切
maingame_2/jn_tip_yujing.png,jn_tip_yujing,,jn_tip_yujing,assets/uires/uiatlas/maingame/maingame_2.prefab,assets/PlatformAssets/Android/ab/bc/bc72f2d8c09780670c82d8ce6b484ac3.unity3d,MainGame_2,900,517,76,71,完整图集自动裁切
maingame_2/jn_wangyuanjing_bantoumingdi.png,jn_wangyuanjing_bantoumingdi,,jn_wangyuanjing_bantoumingdi,assets/uires/uiatlas/maingame/maingame_2.prefab,assets/PlatformAssets/Android/ab/bc/bc72f2d8c09780670c82d8ce6b484ac3.unity3d,MainGame_2,0,613,200,200,完整图集自动裁切
maingame_2/jn_wangyuanjing_gongjitishi.png,jn_wangyuanjing_gongjitishi,,jn_wangyuanjing_gongjitishi,assets/uires/uiatlas/maingame/maingame_2.prefab,assets/PlatformAssets/Android/ab/bc/bc72f2d8c09780670c82d8ce6b484ac3.unity3d,MainGame_2,0,225,187,34,完整图集自动裁切
maingame_2/jn_wmz_bg.png,jn_wmz_bg,,jn_wmz_bg,assets/uires/uiatlas/maingame/maingame_2.prefab,assets/PlatformAssets/Android/ab/bc/bc72f2d8c09780670c82d8ce6b484ac3.unity3d,MainGame_2,158,546,208,34,完整图集自动裁切
maingame_2/MainGame_baozha.png,MainGame_baozha,,MainGame_baozha,assets/uires/uiatlas/maingame/maingame_2.prefab,assets/PlatformAssets/Android/ab/bc/bc72f2d8c09780670c82d8ce6b484ac3.unity3d,MainGame_2,317,750,225,270,完整图集自动裁切
maingame_2/MainGame_bg1.png,MainGame_bg1,,MainGame_bg1,assets/uires/uiatlas/maingame/maingame_2.prefab,assets/PlatformAssets/Android/ab/bc/bc72f2d8c09780670c82d8ce6b484ac3.unity3d,MainGame_2,707,129,22,32,完整图集自动裁切
maingame_2/MainGame_bg2.png,MainGame_bg2,,MainGame_bg2,assets/uires/uiatlas/maingame/maingame_2.prefab,assets/PlatformAssets/Android/ab/bc/bc72f2d8c09780670c82d8ce6b484ac3.unity3d,MainGame_2,171,214,10,10,完整图集自动裁切
maingame_2/MainGame_bishaijiesu.png,MainGame_bishaijiesu,,MainGame_bishaijiesu,assets/uires/uiatlas/maingame/maingame_2.prefab,assets/PlatformAssets/Android/ab/bc/bc72f2d8c09780670c82d8ce6b484ac3.unity3d,MainGame_2,593,511,306,77,完整图集自动裁切
maingame_2/MainGame_Btn_Setting.png,MainGame_Btn_Setting,,MainGame_Btn_Setting,assets/uires/uiatlas/maingame/maingame_2.prefab,assets/PlatformAssets/Android/ab/bc/bc72f2d8c09780670c82d8ce6b484ac3.unity3d,MainGame_2,80,3,43,42,完整图集自动裁切
maingame_2/MainGame_BtnFire_Icon.png,MainGame_BtnFire_Icon,,MainGame_BtnFire_Icon,assets/uires/uiatlas/maingame/maingame_2.prefab,assets/PlatformAssets/Android/ab/bc/bc72f2d8c09780670c82d8ce6b484ac3.unity3d,MainGame_2,653,108,53,53,完整图集自动裁切
maingame_2/MainGame_BtnFire_Icon02.png,MainGame_BtnFire_Icon02,,MainGame_BtnFire_Icon02,assets/uires/uiatlas/maingame/maingame_2.prefab,assets/PlatformAssets/Android/ab/bc/bc72f2d8c09780670c82d8ce6b484ac3.unity3d,MainGame_2,959,911,54,54,完整图集自动裁切
maingame_2/MainGame_chuandi.png,MainGame_chuandi,,MainGame_chuandi,assets/uires/uiatlas/maingame/maingame_2.prefab,assets/PlatformAssets/Android/ab/bc/bc72f2d8c09780670c82d8ce6b484ac3.unity3d,MainGame_2,548,70,32,32,完整图集自动裁切
maingame_2/MainGame_dan.png,MainGame_dan,,MainGame_dan,assets/uires/uiatlas/maingame/maingame_2.prefab,assets/PlatformAssets/Android/ab/bc/bc72f2d8c09780670c82d8ce6b484ac3.unity3d,MainGame_2,707,37,54,50,完整图集自动裁切
maingame_2/MainGame_danquan.png,MainGame_danquan,,MainGame_danquan,assets/uires/uiatlas/maingame/maingame_2.prefab,assets/PlatformAssets/Android/ab/bc/bc72f2d8c09780670c82d8ce6b484ac3.unity3d,MainGame_2,288,8,59,28,完整图集自动裁切
maingame_2/MainGame_fangyu.png,MainGame_fangyu,,MainGame_fangyu,assets/uires/uiatlas/maingame/maingame_2.prefab,assets/PlatformAssets/Android/ab/bc/bc72f2d8c09780670c82d8ce6b484ac3.unity3d,MainGame_2,484,70,32,32,完整图集自动裁切
maingame_2/MainGame_ganrao.png,MainGame_ganrao,,MainGame_ganrao,assets/uires/uiatlas/maingame/maingame_2.prefab,assets/PlatformAssets/Android/ab/bc/bc72f2d8c09780670c82d8ce6b484ac3.unity3d,MainGame_2,348,2,32,32,完整图集自动裁切
maingame_2/MainGame_gongji.png,MainGame_gongji,,MainGame_gongji,assets/uires/uiatlas/maingame/maingame_2.prefab,assets/PlatformAssets/Android/ab/bc/bc72f2d8c09780670c82d8ce6b484ac3.unity3d,MainGame_2,581,37,32,32,完整图集自动裁切
maingame_2/MainGame_hongdui.png,MainGame_hongdui,,MainGame_hongdui,assets/uires/uiatlas/maingame/maingame_2.prefab,assets/PlatformAssets/Android/ab/bc/bc72f2d8c09780670c82d8ce6b484ac3.unity3d,MainGame_2,602,140,50,58,完整图集自动裁切
maingame_2/MainGame_houshijbg.9.png,MainGame_houshijbg.9,,MainGame_houshijbg.9,assets/uires/uiatlas/maingame/maingame_2.prefab,assets/PlatformAssets/Android/ab/bc/bc72f2d8c09780670c82d8ce6b484ac3.unity3d,MainGame_2,370,483,222,108,完整图集自动裁切
maingame_2/MainGame_houshijbg2.9.png,MainGame_houshijbg2.9,,MainGame_houshijbg2.9,assets/uires/uiatlas/maingame/maingame_2.prefab,assets/PlatformAssets/Android/ab/bc/bc72f2d8c09780670c82d8ce6b484ac3.unity3d,MainGame_2,625,373,238,60,完整图集自动裁切
maingame_2/MainGame_houshijin.png,MainGame_houshijin,,MainGame_houshijin,assets/uires/uiatlas/maingame/maingame_2.prefab,assets/PlatformAssets/Android/ab/bc/bc72f2d8c09780670c82d8ce6b484ac3.unity3d,MainGame_2,395,47,40,38,完整图集自动裁切
maingame_2/MainGame_icon_chongzhi.png,MainGame_icon_chongzhi,,MainGame_icon_chongzhi,assets/uires/uiatlas/maingame/maingame_2.prefab,assets/PlatformAssets/Android/ab/bc/bc72f2d8c09780670c82d8ce6b484ac3.unity3d,MainGame_2,951,306,66,66,完整图集自动裁切
maingame_2/MainGame_icon_JSbaoxiang.png,MainGame_icon_JSbaoxiang,,MainGame_icon_JSbaoxiang,assets/uires/uiatlas/maingame/maingame_2.prefab,assets/PlatformAssets/Android/ab/bc/bc72f2d8c09780670c82d8ce6b484ac3.unity3d,MainGame_2,733,166,38,32,完整图集自动裁切
maingame_2/MainGame_icon_lianji.png,MainGame_icon_lianji,,MainGame_icon_lianji,assets/uires/uiatlas/maingame/maingame_2.prefab,assets/PlatformAssets/Android/ab/bc/bc72f2d8c09780670c82d8ce6b484ac3.unity3d,MainGame_2,548,37,32,32,完整图集自动裁切
maingame_2/MainGame_icon_mingzhong.png,MainGame_icon_mingzhong,,MainGame_icon_mingzhong,assets/uires/uiatlas/maingame/maingame_2.prefab,assets/PlatformAssets/Android/ab/bc/bc72f2d8c09780670c82d8ce6b484ac3.unity3d,MainGame_2,581,70,32,32,完整图集自动裁切
maingame_2/MainGame_maohao.png,MainGame_maohao,,MainGame_maohao,assets/uires/uiatlas/maingame/maingame_2.prefab,assets/PlatformAssets/Android/ab/bc/bc72f2d8c09780670c82d8ce6b484ac3.unity3d,MainGame_2,207,2,33,58,完整图集自动裁切
maingame_2/MainGame_MapBg.png,MainGame_MapBg,,MainGame_MapBg,assets/uires/uiatlas/maingame/maingame_2.prefab,assets/PlatformAssets/Android/ab/bc/bc72f2d8c09780670c82d8ce6b484ac3.unity3d,MainGame_2,762,77,10,10,完整图集自动裁切
maingame_2/MainGame_miaozhun.png,MainGame_miaozhun,,MainGame_miaozhun,assets/uires/uiatlas/maingame/maingame_2.prefab,assets/PlatformAssets/Android/ab/bc/bc72f2d8c09780670c82d8ce6b484ac3.unity3d,MainGame_2,772,833,186,187,完整图集自动裁切
maingame_2/MainGame_miaozhun2.png,MainGame_miaozhun2,,MainGame_miaozhun2,assets/uires/uiatlas/maingame/maingame_2.prefab,assets/PlatformAssets/Android/ab/bc/bc72f2d8c09780670c82d8ce6b484ac3.unity3d,MainGame_2,543,675,184,184,完整图集自动裁切
maingame_2/MainGame_namebg.9.png,MainGame_namebg.9,,MainGame_namebg.9,assets/uires/uiatlas/maingame/maingame_2.prefab,assets/PlatformAssets/Android/ab/bc/bc72f2d8c09780670c82d8ce6b484ac3.unity3d,MainGame_2,991,391,28,44,完整图集自动裁切
maingame_2/MainGame_nd.png,MainGame_nd,,MainGame_nd,assets/uires/uiatlas/maingame/maingame_2.prefab,assets/PlatformAssets/Android/ab/bc/bc72f2d8c09780670c82d8ce6b484ac3.unity3d,MainGame_2,977,520,27,18,完整图集自动裁切
maingame_2/MainGame_paizhao_s.png,MainGame_paizhao_s,,MainGame_paizhao_s,assets/uires/uiatlas/maingame/maingame_2.prefab,assets/PlatformAssets/Android/ab/bc/bc72f2d8c09780670c82d8ce6b484ac3.unity3d,MainGame_2,921,18,46,38,完整图集自动裁切
maingame_2/MainGame_phb_hong2.png,MainGame_phb_hong2,,MainGame_phb_hong2,assets/uires/uiatlas/maingame/maingame_2.prefab,assets/PlatformAssets/Android/ab/bc/bc72f2d8c09780670c82d8ce6b484ac3.unity3d,MainGame_2,784,2,184,4,完整图集自动裁切
maingame_2/MainGame_phb_huang.png,MainGame_phb_huang,,MainGame_phb_huang,assets/uires/uiatlas/maingame/maingame_2.prefab,assets/PlatformAssets/Android/ab/bc/bc72f2d8c09780670c82d8ce6b484ac3.unity3d,MainGame_2,599,1,184,4,完整图集自动裁切
maingame_2/MainGame_phb_lan2.png,MainGame_phb_lan2,,MainGame_phb_lan2,assets/uires/uiatlas/maingame/maingame_2.prefab,assets/PlatformAssets/Android/ab/bc/bc72f2d8c09780670c82d8ce6b484ac3.unity3d,MainGame_2,392,437,184,4,完整图集自动裁切
maingame_2/MainGame_phb_lv.png,MainGame_phb_lv,,MainGame_phb_lv,assets/uires/uiatlas/maingame/maingame_2.prefab,assets/PlatformAssets/Android/ab/bc/bc72f2d8c09780670c82d8ce6b484ac3.unity3d,MainGame_2,317,319,184,4,完整图集自动裁切
maingame_2/MainGame_phb_zj.png,MainGame_phb_zj,,MainGame_phb_zj,assets/uires/uiatlas/maingame/maingame_2.prefab,assets/PlatformAssets/Android/ab/bc/bc72f2d8c09780670c82d8ce6b484ac3.unity3d,MainGame_2,414,5,184,4,完整图集自动裁切
maingame_2/MainGame_quan.png,MainGame_quan,,MainGame_quan,assets/uires/uiatlas/maingame/maingame_2.prefab,assets/PlatformAssets/Android/ab/bc/bc72f2d8c09780670c82d8ce6b484ac3.unity3d,MainGame_2,778,74,55,50,完整图集自动裁切
maingame_2/MainGame_rank_carry.png,MainGame_rank_carry,,MainGame_rank_carry,assets/uires/uiatlas/maingame/maingame_2.prefab,assets/PlatformAssets/Android/ab/bc/bc72f2d8c09780670c82d8ce6b484ac3.unity3d,MainGame_2,158,507,180,38,完整图集自动裁切
maingame_2/MainGame_rank_finish.png,MainGame_rank_finish,,MainGame_rank_finish,assets/uires/uiatlas/maingame/maingame_2.prefab,assets/PlatformAssets/Android/ab/bc/bc72f2d8c09780670c82d8ce6b484ac3.unity3d,MainGame_2,863,312,78,28,完整图集自动裁切
maingame_2/MainGame_rank_taotai.png,MainGame_rank_taotai,,MainGame_rank_taotai,assets/uires/uiatlas/maingame/maingame_2.prefab,assets/PlatformAssets/Android/ab/bc/bc72f2d8c09780670c82d8ce6b484ac3.unity3d,MainGame_2,0,46,106,32,完整图集自动裁切
maingame_2/MainGame_rd.png,MainGame_rd,,MainGame_rd,assets/uires/uiatlas/maingame/maingame_2.prefab,assets/PlatformAssets/Android/ab/bc/bc72f2d8c09780670c82d8ce6b484ac3.unity3d,MainGame_2,557,143,22,18,完整图集自动裁切
maingame_2/MainGame_shache.png,MainGame_shache,,MainGame_shache,assets/uires/uiatlas/maingame/maingame_2.prefab,assets/PlatformAssets/Android/ab/bc/bc72f2d8c09780670c82d8ce6b484ac3.unity3d,MainGame_2,922,193,64,46,完整图集自动裁切
maingame_2/MainGame_SpeedIcon.png,MainGame_SpeedIcon,,MainGame_SpeedIcon,assets/uires/uiatlas/maingame/maingame_2.prefab,assets/PlatformAssets/Android/ab/bc/bc72f2d8c09780670c82d8ce6b484ac3.unity3d,MainGame_2,517,13,45,23,完整图集自动裁切
maingame_2/MainGame_st.png,MainGame_st,,MainGame_st,assets/uires/uiatlas/maingame/maingame_2.prefab,assets/PlatformAssets/Android/ab/bc/bc72f2d8c09780670c82d8ce6b484ac3.unity3d,MainGame_2,580,143,21,18,完整图集自动裁切
maingame_2/MainGame_TeamFire_Icon.png,MainGame_TeamFire_Icon,,MainGame_TeamFire_Icon,assets/uires/uiatlas/maingame/maingame_2.prefab,assets/PlatformAssets/Android/ab/bc/bc72f2d8c09780670c82d8ce6b484ac3.unity3d,MainGame_2,395,86,53,53,完整图集自动裁切
maingame_2/MainGame_TeamFire_Icon02.png,MainGame_TeamFire_Icon02,,MainGame_TeamFire_Icon02,assets/uires/uiatlas/maingame/maingame_2.prefab,assets/PlatformAssets/Android/ab/bc/bc72f2d8c09780670c82d8ce6b484ac3.unity3d,MainGame_2,959,966,54,54,完整图集自动裁切
maingame_2/MainGame_text_hongdui.png,MainGame_text_hongdui,,MainGame_text_hongdui,assets/uires/uiatlas/maingame/maingame_2.prefab,assets/PlatformAssets/Android/ab/bc/bc72f2d8c09780670c82d8ce6b484ac3.unity3d,MainGame_2,693,589,322,82,完整图集自动裁切
maingame_2/MainGame_text_landui.png,MainGame_text_landui,,MainGame_text_landui,assets/uires/uiatlas/maingame/maingame_2.prefab,assets/PlatformAssets/Android/ab/bc/bc72f2d8c09780670c82d8ce6b484ac3.unity3d,MainGame_2,370,592,322,82,完整图集自动裁切
maingame_2/MainGame_th.png,MainGame_th,,MainGame_th,assets/uires/uiatlas/maingame/maingame_2.prefab,assets/PlatformAssets/Android/ab/bc/bc72f2d8c09780670c82d8ce6b484ac3.unity3d,MainGame_2,326,62,20,18,完整图集自动裁切
maingame_2/MainGame_tishi_0.png,MainGame_tishi_0,,MainGame_tishi_0,assets/uires/uiatlas/maingame/maingame_2.prefab,assets/PlatformAssets/Android/ab/bc/bc72f2d8c09780670c82d8ce6b484ac3.unity3d,MainGame_2,970,256,48,49,完整图集自动裁切
maingame_2/MainGame_tishi_1.png,MainGame_tishi_1,,MainGame_tishi_1,assets/uires/uiatlas/maingame/maingame_2.prefab,assets/PlatformAssets/Android/ab/bc/bc72f2d8c09780670c82d8ce6b484ac3.unity3d,MainGame_2,968,54,34,49,完整图集自动裁切
maingame_2/MainGame_tishi_2.png,MainGame_tishi_2,,MainGame_tishi_2,assets/uires/uiatlas/maingame/maingame_2.prefab,assets/PlatformAssets/Android/ab/bc/bc72f2d8c09780670c82d8ce6b484ac3.unity3d,MainGame_2,242,34,45,49,完整图集自动裁切
maingame_2/MainGame_tishi_3.png,MainGame_tishi_3,,MainGame_tishi_3,assets/uires/uiatlas/maingame/maingame_2.prefab,assets/PlatformAssets/Android/ab/bc/bc72f2d8c09780670c82d8ce6b484ac3.unity3d,MainGame_2,878,7,42,49,完整图集自动裁切
maingame_2/MainGame_tishi_4.png,MainGame_tishi_4,,MainGame_tishi_4,assets/uires/uiatlas/maingame/maingame_2.prefab,assets/PlatformAssets/Android/ab/bc/bc72f2d8c09780670c82d8ce6b484ac3.unity3d,MainGame_2,973,143,46,49,完整图集自动裁切
maingame_2/MainGame_tishi_5.png,MainGame_tishi_5,,MainGame_tishi_5,assets/uires/uiatlas/maingame/maingame_2.prefab,assets/PlatformAssets/Android/ab/bc/bc72f2d8c09780670c82d8ce6b484ac3.unity3d,MainGame_2,977,539,42,49,完整图集自动裁切
maingame_2/MainGame_tishi_6.png,MainGame_tishi_6,,MainGame_tishi_6,assets/uires/uiatlas/maingame/maingame_2.prefab,assets/PlatformAssets/Android/ab/bc/bc72f2d8c09780670c82d8ce6b484ac3.unity3d,MainGame_2,162,11,44,49,完整图集自动裁切
maingame_2/MainGame_tishi_7.png,MainGame_tishi_7,,MainGame_tishi_7,assets/uires/uiatlas/maingame/maingame_2.prefab,assets/PlatformAssets/Android/ab/bc/bc72f2d8c09780670c82d8ce6b484ac3.unity3d,MainGame_2,762,24,43,49,完整图集自动裁切
maingame_2/MainGame_tishi_8.png,MainGame_tishi_8,,MainGame_tishi_8,assets/uires/uiatlas/maingame/maingame_2.prefab,assets/PlatformAssets/Android/ab/bc/bc72f2d8c09780670c82d8ce6b484ac3.unity3d,MainGame_2,972,467,47,49,完整图集自动裁切
maingame_2/MainGame_tishi_9.png,MainGame_tishi_9,,MainGame_tishi_9,assets/uires/uiatlas/maingame/maingame_2.prefab,assets/PlatformAssets/Android/ab/bc/bc72f2d8c09780670c82d8ce6b484ac3.unity3d,MainGame_2,834,28,43,49,完整图集自动裁切
maingame_2/MainGame_tishi_BG.png,MainGame_tishi_BG,,MainGame_tishi_BG,assets/uires/uiatlas/maingame/maingame_2.prefab,assets/PlatformAssets/Android/ab/bc/bc72f2d8c09780670c82d8ce6b484ac3.unity3d,MainGame_2,392,442,199,40,完整图集自动裁切
maingame_2/MainGame_tishi_bq.png,MainGame_tishi_bq,,MainGame_tishi_bq,assets/uires/uiatlas/maingame/maingame_2.prefab,assets/PlatformAssets/Android/ab/bc/bc72f2d8c09780670c82d8ce6b484ac3.unity3d,MainGame_2,162,98,79,36,完整图集自动裁切
maingame_2/MainGame_tishi_chengyi.png,MainGame_tishi_chengyi,,MainGame_tishi_chengyi,assets/uires/uiatlas/maingame/maingame_2.prefab,assets/PlatformAssets/Android/ab/bc/bc72f2d8c09780670c82d8ce6b484ac3.unity3d,MainGame_2,884,135,36,30,完整图集自动裁切
maingame_2/MainGame_tishi_dp.png,MainGame_tishi_dp,,MainGame_tishi_dp,assets/uires/uiatlas/maingame/maingame_2.prefab,assets/PlatformAssets/Android/ab/bc/bc72f2d8c09780670c82d8ce6b484ac3.unity3d,MainGame_2,162,61,79,36,完整图集自动裁切
maingame_2/MainGame_tishi_dpbq.png,MainGame_tishi_dpbq,,MainGame_tishi_dpbq,assets/uires/uiatlas/maingame/maingame_2.prefab,assets/PlatformAssets/Android/ab/bc/bc72f2d8c09780670c82d8ce6b484ac3.unity3d,MainGame_2,784,166,137,36,完整图集自动裁切
maingame_2/MainGame_tishi_dt.png,MainGame_tishi_dt,,MainGame_tishi_dt,assets/uires/uiatlas/maingame/maingame_2.prefab,assets/PlatformAssets/Android/ab/bc/bc72f2d8c09780670c82d8ce6b484ac3.unity3d,MainGame_2,0,9,79,36,完整图集自动裁切
maingame_2/MainGame_tishi_fxjq.png,MainGame_tishi_fxjq,,MainGame_tishi_fxjq,assets/uires/uiatlas/maingame/maingame_2.prefab,assets/PlatformAssets/Android/ab/bc/bc72f2d8c09780670c82d8ce6b484ac3.unity3d,MainGame_2,784,203,137,36,完整图集自动裁切
maingame_2/MainGame_tishi_link.png,MainGame_tishi_link,,MainGame_tishi_link,assets/uires/uiatlas/maingame/maingame_2.prefab,assets/PlatformAssets/Android/ab/bc/bc72f2d8c09780670c82d8ce6b484ac3.unity3d,MainGame_2,471,676,63,24,完整图集自动裁切
maingame_2/MainGame_tishi_lp.png,MainGame_tishi_lp,,MainGame_tishi_lp,assets/uires/uiatlas/maingame/maingame_2.prefab,assets/PlatformAssets/Android/ab/bc/bc72f2d8c09780670c82d8ce6b484ac3.unity3d,MainGame_2,557,103,78,36,完整图集自动裁切
maingame_2/MainGame_tishi_penX.png,MainGame_tishi_penX,,MainGame_tishi_penX,assets/uires/uiatlas/maingame/maingame_2.prefab,assets/PlatformAssets/Android/ab/bc/bc72f2d8c09780670c82d8ce6b484ac3.unity3d,MainGame_2,241,1,39,32,完整图集自动裁切
maingame_2/MainGame_tishi_sc.png,MainGame_tishi_sc,,MainGame_tishi_sc,assets/uires/uiatlas/maingame/maingame_2.prefab,assets/PlatformAssets/Android/ab/bc/bc72f2d8c09780670c82d8ce6b484ac3.unity3d,MainGame_2,805,240,164,36,完整图集自动裁切
maingame_2/MainGame_tishi_ss.png,MainGame_tishi_ss,,MainGame_tishi_ss,assets/uires/uiatlas/maingame/maingame_2.prefab,assets/PlatformAssets/Android/ab/bc/bc72f2d8c09780670c82d8ce6b484ac3.unity3d,MainGame_2,653,162,79,36,完整图集自动裁切
maingame_2/MainGame_tishi_tp.png,MainGame_tishi_tp,,MainGame_tishi_tp,assets/uires/uiatlas/maingame/maingame_2.prefab,assets/PlatformAssets/Android/ab/bc/bc72f2d8c09780670c82d8ce6b484ac3.unity3d,MainGame_2,733,129,79,36,完整图集自动裁切
maingame_2/MainGame_tishi_tpyx.png,MainGame_tishi_tpyx,,MainGame_tishi_tpyx,assets/uires/uiatlas/maingame/maingame_2.prefab,assets/PlatformAssets/Android/ab/bc/bc72f2d8c09780670c82d8ce6b484ac3.unity3d,MainGame_2,465,162,136,36,完整图集自动裁切
maingame_2/MainGame_tishi_zjhpy.png,MainGame_tishi_zjhpy,,MainGame_tishi_zjhpy,assets/uires/uiatlas/maingame/maingame_2.prefab,assets/PlatformAssets/Android/ab/bc/bc72f2d8c09780670c82d8ce6b484ac3.unity3d,MainGame_2,634,240,170,36,完整图集自动裁切
maingame_2/MainGame_tishibg2.png,MainGame_tishibg2,,MainGame_tishibg2,assets/uires/uiatlas/maingame/maingame_2.prefab,assets/PlatformAssets/Android/ab/bc/bc72f2d8c09780670c82d8ce6b484ac3.unity3d,MainGame_2,0,191,170,33,完整图集自动裁切
maingame_2/MainGame_tishibg3.png,MainGame_tishibg3,,MainGame_tishibg3,assets/uires/uiatlas/maingame/maingame_2.prefab,assets/PlatformAssets/Android/ab/bc/bc72f2d8c09780670c82d8ce6b484ac3.unity3d,MainGame_2,188,211,170,33,完整图集自动裁切
maingame_2/MainGame_touxiang_danren.png,MainGame_touxiang_danren,,MainGame_touxiang_danren,assets/uires/uiatlas/maingame/maingame_2.prefab,assets/PlatformAssets/Android/ab/bc/bc72f2d8c09780670c82d8ce6b484ac3.unity3d,MainGame_2,293,81,50,58,完整图集自动裁切
maingame_2/MainGame_touxiang_danren2.png,MainGame_touxiang_danren2,,MainGame_touxiang_danren2,assets/uires/uiatlas/maingame/maingame_2.prefab,assets/PlatformAssets/Android/ab/bc/bc72f2d8c09780670c82d8ce6b484ac3.unity3d,MainGame_2,344,81,50,58,完整图集自动裁切
maingame_2/MainGame_touxiang_danren2_bg.png,MainGame_touxiang_danren2_bg,,MainGame_touxiang_danren2_bg,assets/uires/uiatlas/maingame/maingame_2.prefab,assets/PlatformAssets/Android/ab/bc/bc72f2d8c09780670c82d8ce6b484ac3.unity3d,MainGame_2,293,140,161,28,完整图集自动裁切
maingame_2/MainGame_touxiang_danrennameBG.png,MainGame_touxiang_danrennameBG,,MainGame_touxiang_danrennameBG,assets/uires/uiatlas/maingame/maingame_2.prefab,assets/PlatformAssets/Android/ab/bc/bc72f2d8c09780670c82d8ce6b484ac3.unity3d,MainGame_2,707,88,70,40,完整图集自动裁切
maingame_2/MainGame_touxiang_Greendui2.png,MainGame_touxiang_Greendui2,,MainGame_touxiang_Greendui2,assets/uires/uiatlas/maingame/maingame_2.prefab,assets/PlatformAssets/Android/ab/bc/bc72f2d8c09780670c82d8ce6b484ac3.unity3d,MainGame_2,506,103,50,58,完整图集自动裁切
maingame_2/MainGame_touxiang_Greendui2_bg.png,MainGame_touxiang_Greendui2_bg,,MainGame_touxiang_Greendui2_bg,assets/uires/uiatlas/maingame/maingame_2.prefab,assets/PlatformAssets/Android/ab/bc/bc72f2d8c09780670c82d8ce6b484ac3.unity3d,MainGame_2,171,176,162,34,完整图集自动裁切
maingame_2/MainGame_touxiang_hongdui.png,MainGame_touxiang_hongdui,,MainGame_touxiang_hongdui,assets/uires/uiatlas/maingame/maingame_2.prefab,assets/PlatformAssets/Android/ab/bc/bc72f2d8c09780670c82d8ce6b484ac3.unity3d,MainGame_2,881,57,46,46,完整图集自动裁切
maingame_2/MainGame_touxiang_hongdui_line_2.png,MainGame_touxiang_hongdui_line_2,,MainGame_touxiang_hongdui_line_2,assets/uires/uiatlas/maingame/maingame_2.prefab,assets/PlatformAssets/Android/ab/bc/bc72f2d8c09780670c82d8ce6b484ac3.unity3d,MainGame_2,902,436,100,18,完整图集自动裁切
maingame_2/MainGame_touxiang_hongdui_zhizhen.png,MainGame_touxiang_hongdui_zhizhen,,MainGame_touxiang_hongdui_zhizhen,assets/uires/uiatlas/maingame/maingame_2.prefab,assets/PlatformAssets/Android/ab/bc/bc72f2d8c09780670c82d8ce6b484ac3.unity3d,MainGame_2,577,435,14,6,完整图集自动裁切
maingame_2/MainGame_touxiang_hongdui2.png,MainGame_touxiang_hongdui2,,MainGame_touxiang_hongdui2,assets/uires/uiatlas/maingame/maingame_2.prefab,assets/PlatformAssets/Android/ab/bc/bc72f2d8c09780670c82d8ce6b484ac3.unity3d,MainGame_2,455,103,50,58,完整图集自动裁切
maingame_2/MainGame_touxiang_hongdui2_bg.png,MainGame_touxiang_hongdui2_bg,,MainGame_touxiang_hongdui2_bg,assets/uires/uiatlas/maingame/maingame_2.prefab,assets/PlatformAssets/Android/ab/bc/bc72f2d8c09780670c82d8ce6b484ac3.unity3d,MainGame_2,229,369,162,34,完整图集自动裁切
maingame_2/MainGame_touxiang_hongduinameBG.png,MainGame_touxiang_hongduinameBG,,MainGame_touxiang_hongduinameBG,assets/uires/uiatlas/maingame/maingame_2.prefab,assets/PlatformAssets/Android/ab/bc/bc72f2d8c09780670c82d8ce6b484ac3.unity3d,MainGame_2,813,125,70,40,完整图集自动裁切
maingame_2/MainGame_touxiang_landui.png,MainGame_touxiang_landui,,MainGame_touxiang_landui,assets/uires/uiatlas/maingame/maingame_2.prefab,assets/PlatformAssets/Android/ab/bc/bc72f2d8c09780670c82d8ce6b484ac3.unity3d,MainGame_2,834,78,46,46,完整图集自动裁切
maingame_2/MainGame_touxiang_landui_line_2.png,MainGame_touxiang_landui_line_2,,MainGame_touxiang_landui_line_2,assets/uires/uiatlas/maingame/maingame_2.prefab,assets/PlatformAssets/Android/ab/bc/bc72f2d8c09780670c82d8ce6b484ac3.unity3d,MainGame_2,370,682,100,18,完整图集自动裁切
maingame_2/MainGame_touxiang_landui2.png,MainGame_touxiang_landui2,,MainGame_touxiang_landui2,assets/uires/uiatlas/maingame/maingame_2.prefab,assets/PlatformAssets/Android/ab/bc/bc72f2d8c09780670c82d8ce6b484ac3.unity3d,MainGame_2,959,852,50,58,完整图集自动裁切
maingame_2/MainGame_touxiang_landui2_bg.png,MainGame_touxiang_landui2_bg,,MainGame_touxiang_landui2_bg,assets/uires/uiatlas/maingame/maingame_2.prefab,assets/PlatformAssets/Android/ab/bc/bc72f2d8c09780670c82d8ce6b484ac3.unity3d,MainGame_2,0,157,161,33,完整图集自动裁切
maingame_2/MainGame_touxiang_landuinameBG.png,MainGame_touxiang_landuinameBG,,MainGame_touxiang_landuinameBG,assets/uires/uiatlas/maingame/maingame_2.prefab,assets/PlatformAssets/Android/ab/bc/bc72f2d8c09780670c82d8ce6b484ac3.unity3d,MainGame_2,636,67,70,40,完整图集自动裁切
maingame_2/MainGame_touxiang_liandui_zhizhen.png,MainGame_touxiang_liandui_zhizhen,,MainGame_touxiang_liandui_zhizhen,assets/uires/uiatlas/maingame/maingame_2.prefab,assets/PlatformAssets/Android/ab/bc/bc72f2d8c09780670c82d8ce6b484ac3.unity3d,MainGame_2,293,169,14,6,完整图集自动裁切
maingame_2/MainGame_touxiang_nameBG.9.png,MainGame_touxiang_nameBG.9,,MainGame_touxiang_nameBG.9,assets/uires/uiatlas/maingame/maingame_2.prefab,assets/PlatformAssets/Android/ab/bc/bc72f2d8c09780670c82d8ce6b484ac3.unity3d,MainGame_2,107,60,22,22,完整图集自动裁切
maingame_2/MainGame_touxiang_Yellowdui2.png,MainGame_touxiang_Yellowdui2,,MainGame_touxiang_Yellowdui2,assets/uires/uiatlas/maingame/maingame_2.prefab,assets/PlatformAssets/Android/ab/bc/bc72f2d8c09780670c82d8ce6b484ac3.unity3d,MainGame_2,922,134,50,58,完整图集自动裁切
maingame_2/MainGame_touxiang_Yellowdui2_bg.png,MainGame_touxiang_Yellowdui2_bg,,MainGame_touxiang_Yellowdui2_bg,assets/uires/uiatlas/maingame/maingame_2.prefab,assets/PlatformAssets/Android/ab/bc/bc72f2d8c09780670c82d8ce6b484ac3.unity3d,MainGame_2,359,210,162,34,完整图集自动裁切
maingame_2/MainGame_useBGLine.png,MainGame_useBGLine,,MainGame_useBGLine,assets/uires/uiatlas/maingame/maingame_2.prefab,assets/PlatformAssets/Android/ab/bc/bc72f2d8c09780670c82d8ce6b484ac3.unity3d,MainGame_2,599,7,2,2,完整图集自动裁切
maingame_2/MainGame_wancheng.png,MainGame_wancheng,,MainGame_wancheng,assets/uires/uiatlas/maingame/maingame_2.prefab,assets/PlatformAssets/Android/ab/bc/bc72f2d8c09780670c82d8ce6b484ac3.unity3d,MainGame_2,0,325,228,78,完整图集自动裁切
maingame_2/MainGame_weiwancheng.png,MainGame_weiwancheng,,MainGame_weiwancheng,assets/uires/uiatlas/maingame/maingame_2.prefab,assets/PlatformAssets/Android/ab/bc/bc72f2d8c09780670c82d8ce6b484ac3.unity3d,MainGame_2,158,404,233,78,完整图集自动裁切
maingame_2/MainGame_wifibg.png,MainGame_wifibg,,MainGame_wifibg,assets/uires/uiatlas/maingame/maingame_2.prefab,assets/PlatformAssets/Android/ab/bc/bc72f2d8c09780670c82d8ce6b484ac3.unity3d,MainGame_2,932,675,58,31,完整图集自动裁切
maingame_2/MainGame_x.png,MainGame_x,,MainGame_x,assets/uires/uiatlas/maingame/maingame_2.prefab,assets/PlatformAssets/Android/ab/bc/bc72f2d8c09780670c82d8ce6b484ac3.unity3d,MainGame_2,242,84,50,50,完整图集自动裁切
maingame_2/MainGame_xiaopenbg2.png,MainGame_xiaopenbg2,,MainGame_xiaopenbg2,assets/uires/uiatlas/maingame/maingame_2.prefab,assets/PlatformAssets/Android/ab/bc/bc72f2d8c09780670c82d8ce6b484ac3.unity3d,MainGame_2,932,768,64,64,完整图集自动裁切
maingame_2/MainGame_xiegan.png,MainGame_xiegan,,MainGame_xiegan,assets/uires/uiatlas/maingame/maingame_2.prefab,assets/PlatformAssets/Android/ab/bc/bc72f2d8c09780670c82d8ce6b484ac3.unity3d,MainGame_2,614,69,21,33,完整图集自动裁切
maingame_2/MainGame_zuijia.png,MainGame_zuijia,,MainGame_zuijia,assets/uires/uiatlas/maingame/maingame_2.prefab,assets/PlatformAssets/Android/ab/bc/bc72f2d8c09780670c82d8ce6b484ac3.unity3d,MainGame_2,201,755,109,58,完整图集自动裁切
maingame_2/MainGame_zuijia_all.png,MainGame_zuijia_all,,MainGame_zuijia_all,assets/uires/uiatlas/maingame/maingame_2.prefab,assets/PlatformAssets/Android/ab/bc/bc72f2d8c09780670c82d8ce6b484ac3.unity3d,MainGame_2,884,104,96,29,完整图集自动裁切
maingame_2/num_1.png,num_1,,num_1,assets/uires/uiatlas/maingame/maingame_2.prefab,assets/PlatformAssets/Android/ab/bc/bc72f2d8c09780670c82d8ce6b484ac3.unity3d,MainGame_2,132,407,24,44,完整图集自动裁切
maingame_2/num_2.png,num_2,,num_2,assets/uires/uiatlas/maingame/maingame_2.prefab,assets/PlatformAssets/Android/ab/bc/bc72f2d8c09780670c82d8ce6b484ac3.unity3d,MainGame_2,449,57,34,45,完整图集自动裁切
maingame_2/num_3.png,num_3,,num_3,assets/uires/uiatlas/maingame/maingame_2.prefab,assets/PlatformAssets/Android/ab/bc/bc72f2d8c09780670c82d8ce6b484ac3.unity3d,MainGame_2,348,35,33,45,完整图集自动裁切
maingame_2/num_4.png,num_4,,num_4,assets/uires/uiatlas/maingame/maingame_2.prefab,assets/PlatformAssets/Android/ab/bc/bc72f2d8c09780670c82d8ce6b484ac3.unity3d,MainGame_2,968,8,34,45,完整图集自动裁切
maingame_2/num_5.png,num_5,,num_5,assets/uires/uiatlas/maingame/maingame_2.prefab,assets/PlatformAssets/Android/ab/bc/bc72f2d8c09780670c82d8ce6b484ac3.unity3d,MainGame_2,484,21,32,45,完整图集自动裁切
maingame_2/num_6.png,num_6,,num_6,assets/uires/uiatlas/maingame/maingame_2.prefab,assets/PlatformAssets/Android/ab/bc/bc72f2d8c09780670c82d8ce6b484ac3.unity3d,MainGame_2,382,1,31,45,完整图集自动裁切
maingame_2/num_7.png,num_7,,num_7,assets/uires/uiatlas/maingame/maingame_2.prefab,assets/PlatformAssets/Android/ab/bc/bc72f2d8c09780670c82d8ce6b484ac3.unity3d,MainGame_2,436,11,31,45,完整图集自动裁切
maingame_2/num_8.png,num_8,,num_8,assets/uires/uiatlas/maingame/maingame_2.prefab,assets/PlatformAssets/Android/ab/bc/bc72f2d8c09780670c82d8ce6b484ac3.unity3d,MainGame_2,928,57,34,46,完整图集自动裁切
maingame_2/paiwei_HDFS_bg.png,paiwei_HDFS_bg,,paiwei_HDFS_bg,assets/uires/uiatlas/maingame/maingame_2.prefab,assets/PlatformAssets/Android/ab/bc/bc72f2d8c09780670c82d8ce6b484ac3.unity3d,MainGame_2,806,7,58,20,完整图集自动裁切
maingame_2/paiwei_LDFS_bg.png,paiwei_LDFS_bg,,paiwei_LDFS_bg,assets/uires/uiatlas/maingame/maingame_2.prefab,assets/PlatformAssets/Android/ab/bc/bc72f2d8c09780670c82d8ce6b484ac3.unity3d,MainGame_2,237,486,58,20,完整图集自动裁切
maingame_2/PVPRaceSummarize_jiluojinbi.png,PVPRaceSummarize_jiluojinbi,,PVPRaceSummarize_jiluojinbi,assets/uires/uiatlas/maingame/maingame_2.prefab,assets/PlatformAssets/Android/ab/bc/bc72f2d8c09780670c82d8ce6b484ac3.unity3d,MainGame_2,647,35,30,31,完整图集自动裁切
maingame_2/PVPRaceSummarize_zongjinbi.png,PVPRaceSummarize_zongjinbi,,PVPRaceSummarize_zongjinbi,assets/uires/uiatlas/maingame/maingame_2.prefab,assets/PlatformAssets/Android/ab/bc/bc72f2d8c09780670c82d8ce6b484ac3.unity3d,MainGame_2,100,83,30,32,完整图集自动裁切
maingame_2/refit_tips_bg_blue.png,refit_tips_bg_blue,,refit_tips_bg_blue,assets/uires/uiatlas/maingame/maingame_2.prefab,assets/PlatformAssets/Android/ab/bc/bc72f2d8c09780670c82d8ce6b484ac3.unity3d,MainGame_2,317,277,316,31,完整图集自动裁切
maingame_2/refit_tips_bg_gray.png,refit_tips_bg_gray,,refit_tips_bg_gray,assets/uires/uiatlas/maingame/maingame_2.prefab,assets/PlatformAssets/Android/ab/bc/bc72f2d8c09780670c82d8ce6b484ac3.unity3d,MainGame_2,634,277,316,31,完整图集自动裁切
maingame_2/refit_tips_bg_LightBlack.png,refit_tips_bg_LightBlack,,refit_tips_bg_LightBlack,assets/uires/uiatlas/maingame/maingame_2.prefab,assets/PlatformAssets/Android/ab/bc/bc72f2d8c09780670c82d8ce6b484ac3.unity3d,MainGame_2,229,324,316,31,完整图集自动裁切
maingame_2/refit_tips_bg_LightGreen.png,refit_tips_bg_LightGreen,,refit_tips_bg_LightGreen,assets/uires/uiatlas/maingame/maingame_2.prefab,assets/PlatformAssets/Android/ab/bc/bc72f2d8c09780670c82d8ce6b484ac3.unity3d,MainGame_2,0,292,316,31,完整图集自动裁切
maingame_2/refit_tips_bg_LightYellow.png,refit_tips_bg_LightYellow,,refit_tips_bg_LightYellow,assets/uires/uiatlas/maingame/maingame_2.prefab,assets/PlatformAssets/Android/ab/bc/bc72f2d8c09780670c82d8ce6b484ac3.unity3d,MainGame_2,0,260,316,31,完整图集自动裁切
maingame_2/refit_tips_bg_orange.png,refit_tips_bg_orange,,refit_tips_bg_orange,assets/uires/uiatlas/maingame/maingame_2.prefab,assets/PlatformAssets/Android/ab/bc/bc72f2d8c09780670c82d8ce6b484ac3.unity3d,MainGame_2,625,341,316,31,完整图集自动裁切
maingame_2/refit_tips_bg_purple.png,refit_tips_bg_purple,,refit_tips_bg_purple,assets/uires/uiatlas/maingame/maingame_2.prefab,assets/PlatformAssets/Android/ab/bc/bc72f2d8c09780670c82d8ce6b484ac3.unity3d,MainGame_2,546,309,316,31,完整图集自动裁切
maingame_2/refit_tips_bg_red.png,refit_tips_bg_red,,refit_tips_bg_red,assets/uires/uiatlas/maingame/maingame_2.prefab,assets/PlatformAssets/Android/ab/bc/bc72f2d8c09780670c82d8ce6b484ac3.unity3d,MainGame_2,317,245,316,31,完整图集自动裁切
maingame_2/touxiang_nameBG.01.png,touxiang_nameBG.01,,touxiang_nameBG.01,assets/uires/uiatlas/maingame/maingame_2.prefab,assets/PlatformAssets/Android/ab/bc/bc72f2d8c09780670c82d8ce6b484ac3.unity3d,MainGame_2,991,684,22,22,完整图集自动裁切
maingame_2/touxiang_nameBG.02.png,touxiang_nameBG.02,,touxiang_nameBG.02,assets/uires/uiatlas/maingame/maingame_2.prefab,assets/PlatformAssets/Android/ab/bc/bc72f2d8c09780670c82d8ce6b484ac3.unity3d,MainGame_2,296,484,22,22,完整图集自动裁切
maingame_2/videoIcon.png,videoIcon,,videoIcon,assets/uires/uiatlas/maingame/maingame_2.prefab,assets/PlatformAssets/Android/ab/bc/bc72f2d8c09780670c82d8ce6b484ac3.unity3d,MainGame_2,902,455,69,61,完整图集自动裁切
maingame_2/waik.png,waik,,waik,assets/uires/uiatlas/maingame/maingame_2.prefab,assets/PlatformAssets/Android/ab/bc/bc72f2d8c09780670c82d8ce6b484ac3.unity3d,MainGame_2,0,814,316,206,完整图集自动裁切
maingame_2/xf_icon_cheshou.png,xf_icon_cheshou,,xf_icon_cheshou,assets/uires/uiatlas/maingame/maingame_2.prefab,assets/PlatformAssets/Android/ab/bc/bc72f2d8c09780670c82d8ce6b484ac3.unity3d,MainGame_2,201,581,168,168,完整图集自动裁切
maingame_2/xf_icon_yongheng.png,xf_icon_yongheng,,xf_icon_yongheng,assets/uires/uiatlas/maingame/maingame_2.prefab,assets/PlatformAssets/Android/ab/bc/bc72f2d8c09780670c82d8ce6b484ac3.unity3d,MainGame_2,543,860,228,160,完整图集自动裁切
maingameatlas/bg_huojiantongjindu_1.png,bg_huojiantongjindu_1,,bg_huojiantongjindu_1,assets/uires/uiatlas/maingame/maingameatlas.prefab,assets/PlatformAssets/Android/ab/cb/cbaa1f95e6fcf30e505ab82d1de19cac.unity3d,MainGameAtlas,97,81,86,86,完整图集自动裁切
maingameatlas/bg_huojiantongjindu_2.png,bg_huojiantongjindu_2,,bg_huojiantongjindu_2,assets/uires/uiatlas/maingame/maingameatlas.prefab,assets/PlatformAssets/Android/ab/cb/cbaa1f95e6fcf30e505ab82d1de19cac.unity3d,MainGameAtlas,526,114,82,82,完整图集自动裁切
maingameatlas/chat_yuyin_tips-1.png,chat_yuyin_tips-1,,chat_yuyin_tips-1,assets/uires/uiatlas/maingame/maingameatlas.prefab,assets/PlatformAssets/Android/ab/cb/cbaa1f95e6fcf30e505ab82d1de19cac.unity3d,MainGameAtlas,673,301,32,32,完整图集自动裁切
maingameatlas/GS_dt_kuang_suo.png,GS_dt_kuang_suo,,GS_dt_kuang_suo,assets/uires/uiatlas/maingame/maingameatlas.prefab,assets/PlatformAssets/Android/ab/cb/cbaa1f95e6fcf30e505ab82d1de19cac.unity3d,MainGameAtlas,651,234,59,59,完整图集自动裁切
maingameatlas/GuanJS_NPC_MBG.png,GuanJS_NPC_MBG,,GuanJS_NPC_MBG,assets/uires/uiatlas/maingame/maingameatlas.prefab,assets/PlatformAssets/Android/ab/cb/cbaa1f95e6fcf30e505ab82d1de19cac.unity3d,MainGameAtlas,286,24,182,28,完整图集自动裁切
maingameatlas/hengxian.png,hengxian,,hengxian,assets/uires/uiatlas/maingame/maingameatlas.prefab,assets/PlatformAssets/Android/ab/cb/cbaa1f95e6fcf30e505ab82d1de19cac.unity3d,MainGameAtlas,679,574,2,2,完整图集自动裁切
maingameatlas/huangg.png,huangg,,huangg,assets/uires/uiatlas/maingame/maingameatlas.prefab,assets/PlatformAssets/Android/ab/cb/cbaa1f95e6fcf30e505ab82d1de19cac.unity3d,MainGameAtlas,674,66,36,26,完整图集自动裁切
maingameatlas/icon_paizhao_s.png,icon_paizhao_s,,icon_paizhao_s,assets/uires/uiatlas/maingame/maingameatlas.prefab,assets/PlatformAssets/Android/ab/cb/cbaa1f95e6fcf30e505ab82d1de19cac.unity3d,MainGameAtlas,561,75,46,38,完整图集自动裁切
maingameatlas/jn_djgj_suo.png,jn_djgj_suo,,jn_djgj_suo,assets/uires/uiatlas/maingame/maingameatlas.prefab,assets/PlatformAssets/Android/ab/cb/cbaa1f95e6fcf30e505ab82d1de19cac.unity3d,MainGameAtlas,624,1,62,63,完整图集自动裁切
maingameatlas/jn_tip_di_caidan.png,jn_tip_di_caidan,,jn_tip_di_caidan,assets/uires/uiatlas/maingame/maingameatlas.prefab,assets/PlatformAssets/Android/ab/cb/cbaa1f95e6fcf30e505ab82d1de19cac.unity3d,MainGameAtlas,0,635,468,73,完整图集自动裁切
maingameatlas/jn_tip_di_caidan02.png,jn_tip_di_caidan02,,jn_tip_di_caidan02,assets/uires/uiatlas/maingame/maingameatlas.prefab,assets/PlatformAssets/Android/ab/cb/cbaa1f95e6fcf30e505ab82d1de19cac.unity3d,MainGameAtlas,548,428,133,133,完整图集自动裁切
maingameatlas/Kaijuxiu_bg.png,Kaijuxiu_bg,,Kaijuxiu_bg,assets/uires/uiatlas/maingame/maingameatlas.prefab,assets/PlatformAssets/Android/ab/cb/cbaa1f95e6fcf30e505ab82d1de19cac.unity3d,MainGameAtlas,0,550,266,84,完整图集自动裁切
maingameatlas/Kaijuxiu_touxiang.png,Kaijuxiu_touxiang,,Kaijuxiu_touxiang,assets/uires/uiatlas/maingame/maingameatlas.prefab,assets/PlatformAssets/Android/ab/cb/cbaa1f95e6fcf30e505ab82d1de19cac.unity3d,MainGameAtlas,609,130,66,66,完整图集自动裁切
maingameatlas/lingxian.png,lingxian,,lingxian,assets/uires/uiatlas/maingame/maingameatlas.prefab,assets/PlatformAssets/Android/ab/cb/cbaa1f95e6fcf30e505ab82d1de19cac.unity3d,MainGameAtlas,146,411,258,76,完整图集自动裁切
maingameatlas/luohou.png,luohou,,luohou,assets/uires/uiatlas/maingame/maingameatlas.prefab,assets/PlatformAssets/Android/ab/cb/cbaa1f95e6fcf30e505ab82d1de19cac.unity3d,MainGameAtlas,146,334,258,76,完整图集自动裁切
maingameatlas/MainGame__N2OBg.png,MainGame__N2OBg,,MainGame__N2OBg,assets/uires/uiatlas/maingame/maingameatlas.prefab,assets/PlatformAssets/Android/ab/cb/cbaa1f95e6fcf30e505ab82d1de19cac.unity3d,MainGameAtlas,405,197,4,4,完整图集自动裁切
maingameatlas/MainGame_b.png,MainGame_b,,MainGame_b,assets/uires/uiatlas/maingame/maingameatlas.prefab,assets/PlatformAssets/Android/ab/cb/cbaa1f95e6fcf30e505ab82d1de19cac.unity3d,MainGameAtlas,687,7,16,16,完整图集自动裁切
maingameatlas/MainGame_black50.png,MainGame_black50,,MainGame_black50,assets/uires/uiatlas/maingame/maingameatlas.prefab,assets/PlatformAssets/Android/ab/cb/cbaa1f95e6fcf30e505ab82d1de19cac.unity3d,MainGameAtlas,97,72,8,8,完整图集自动裁切
maingameatlas/MainGame_BtnFire_D.png,MainGame_BtnFire_D,,MainGame_BtnFire_D,assets/uires/uiatlas/maingame/maingameatlas.prefab,assets/PlatformAssets/Android/ab/cb/cbaa1f95e6fcf30e505ab82d1de19cac.unity3d,MainGameAtlas,617,616,92,92,完整图集自动裁切
maingameatlas/MainGame_BtnFire_Light.png,MainGame_BtnFire_Light,,MainGame_BtnFire_Light,assets/uires/uiatlas/maingame/maingameatlas.prefab,assets/PlatformAssets/Android/ab/cb/cbaa1f95e6fcf30e505ab82d1de19cac.unity3d,MainGameAtlas,146,223,110,110,完整图集自动裁切
maingameatlas/MainGame_BtnSwitchOption_D.png,MainGame_BtnSwitchOption_D,,MainGame_BtnSwitchOption_D,assets/uires/uiatlas/maingame/maingameatlas.prefab,assets/PlatformAssets/Android/ab/cb/cbaa1f95e6fcf30e505ab82d1de19cac.unity3d,MainGameAtlas,308,124,96,96,完整图集自动裁切
maingameatlas/MainGame_button_guanbi.png,MainGame_button_guanbi,,MainGame_button_guanbi,assets/uires/uiatlas/maingame/maingameatlas.prefab,assets/PlatformAssets/Android/ab/cb/cbaa1f95e6fcf30e505ab82d1de19cac.unity3d,MainGameAtlas,687,45,20,20,完整图集自动裁切
maingameatlas/MainGame_button_juzhongbj.png,MainGame_button_juzhongbj,,MainGame_button_juzhongbj,assets/uires/uiatlas/maingame/maingameatlas.prefab,assets/PlatformAssets/Android/ab/cb/cbaa1f95e6fcf30e505ab82d1de19cac.unity3d,MainGameAtlas,0,2,122,68,完整图集自动裁切
maingameatlas/MainGame_button_kaiqi.png,MainGame_button_kaiqi,,MainGame_button_kaiqi,assets/uires/uiatlas/maingame/maingameatlas.prefab,assets/PlatformAssets/Android/ab/cb/cbaa1f95e6fcf30e505ab82d1de19cac.unity3d,MainGameAtlas,687,24,20,20,完整图集自动裁切
maingameatlas/MainGame_button_xiaopen2.png,MainGame_button_xiaopen2,,MainGame_button_xiaopen2,assets/uires/uiatlas/maingame/maingameatlas.prefab,assets/PlatformAssets/Android/ab/cb/cbaa1f95e6fcf30e505ab82d1de19cac.unity3d,MainGameAtlas,561,0,62,64,完整图集自动裁切
maingameatlas/MainGame_danquan.png,MainGame_danquan,,MainGame_danquan,assets/uires/uiatlas/maingame/maingameatlas.prefab,assets/PlatformAssets/Android/ab/cb/cbaa1f95e6fcf30e505ab82d1de19cac.unity3d,MainGameAtlas,197,521,60,28,完整图集自动裁切
maingameatlas/MainGame_dianjipingmudb.png,MainGame_dianjipingmudb,,MainGame_dianjipingmudb,assets/uires/uiatlas/maingame/maingameatlas.prefab,assets/PlatformAssets/Android/ab/cb/cbaa1f95e6fcf30e505ab82d1de19cac.unity3d,MainGameAtlas,257,221,162,72,完整图集自动裁切
maingameatlas/MainGame_duiykong.png,MainGame_duiykong,,MainGame_duiykong,assets/uires/uiatlas/maingame/maingameatlas.prefab,assets/PlatformAssets/Android/ab/cb/cbaa1f95e6fcf30e505ab82d1de19cac.unity3d,MainGameAtlas,146,499,50,50,完整图集自动裁切
maingameatlas/MainGame_Fire_Mask.png,MainGame_Fire_Mask,,MainGame_Fire_Mask,assets/uires/uiatlas/maingame/maingameatlas.prefab,assets/PlatformAssets/Android/ab/cb/cbaa1f95e6fcf30e505ab82d1de19cac.unity3d,MainGameAtlas,0,71,96,96,完整图集自动裁切
maingameatlas/MainGame_hongdian.png,MainGame_hongdian,,MainGame_hongdian,assets/uires/uiatlas/maingame/maingameatlas.prefab,assets/PlatformAssets/Android/ab/cb/cbaa1f95e6fcf30e505ab82d1de19cac.unity3d,MainGameAtlas,633,269,12,24,完整图集自动裁切
maingameatlas/MainGame_HP_bg.png,MainGame_HP_bg,,MainGame_HP_bg,assets/uires/uiatlas/maingame/maingameatlas.prefab,assets/PlatformAssets/Android/ab/cb/cbaa1f95e6fcf30e505ab82d1de19cac.unity3d,MainGameAtlas,405,202,12,18,完整图集自动裁切
maingameatlas/MainGame_HP_bg2.png,MainGame_HP_bg2,,MainGame_HP_bg2,assets/uires/uiatlas/maingame/maingameatlas.prefab,assets/PlatformAssets/Android/ab/cb/cbaa1f95e6fcf30e505ab82d1de19cac.unity3d,MainGameAtlas,658,350,12,18,完整图集自动裁切
maingameatlas/MainGame_hsjbg.9.png,MainGame_hsjbg.9,,MainGame_hsjbg.9,assets/uires/uiatlas/maingame/maingameatlas.prefab,assets/PlatformAssets/Android/ab/cb/cbaa1f95e6fcf30e505ab82d1de19cac.unity3d,MainGameAtlas,420,197,230,42,完整图集自动裁切
maingameatlas/MainGame_huxiguang.png,MainGame_huxiguang,,MainGame_huxiguang,assets/uires/uiatlas/maingame/maingameatlas.prefab,assets/PlatformAssets/Android/ab/cb/cbaa1f95e6fcf30e505ab82d1de19cac.unity3d,MainGameAtlas,405,128,120,68,完整图集自动裁切
maingameatlas/MainGame_icon_mihantiaozhanka01.png,MainGame_icon_mihantiaozhanka01,,MainGame_icon_mihantiaozhanka01,assets/uires/uiatlas/maingame/maingameatlas.prefab,assets/PlatformAssets/Android/ab/cb/cbaa1f95e6fcf30e505ab82d1de19cac.unity3d,MainGameAtlas,286,53,48,36,完整图集自动裁切
maingameatlas/MainGame_icon_mihantiaozhanka02.png,MainGame_icon_mihantiaozhanka02,,MainGame_icon_mihantiaozhanka02,assets/uires/uiatlas/maingame/maingameatlas.prefab,assets/PlatformAssets/Android/ab/cb/cbaa1f95e6fcf30e505ab82d1de19cac.unity3d,MainGameAtlas,651,197,48,36,完整图集自动裁切
maingameatlas/MainGame_kuohaoleft.png,MainGame_kuohaoleft,,MainGame_kuohaoleft,assets/uires/uiatlas/maingame/maingameatlas.prefab,assets/PlatformAssets/Android/ab/cb/cbaa1f95e6fcf30e505ab82d1de19cac.unity3d,MainGameAtlas,184,125,24,42,完整图集自动裁切
maingameatlas/MainGame_lan.png,MainGame_lan,,MainGame_lan,assets/uires/uiatlas/maingame/maingameatlas.prefab,assets/PlatformAssets/Android/ab/cb/cbaa1f95e6fcf30e505ab82d1de19cac.unity3d,MainGameAtlas,496,49,64,64,完整图集自动裁切
maingameatlas/MainGame_landian.png,MainGame_landian,,MainGame_landian,assets/uires/uiatlas/maingame/maingameatlas.prefab,assets/PlatformAssets/Android/ab/cb/cbaa1f95e6fcf30e505ab82d1de19cac.unity3d,MainGameAtlas,633,244,12,24,完整图集自动裁切
maingameatlas/MainGame_lanmc.png,MainGame_lanmc,,MainGame_lanmc,assets/uires/uiatlas/maingame/maingameatlas.prefab,assets/PlatformAssets/Android/ab/cb/cbaa1f95e6fcf30e505ab82d1de19cac.unity3d,MainGameAtlas,676,131,28,28,完整图集自动裁切
maingameatlas/MainGame_left_top_bg2.png,MainGame_left_top_bg2,,MainGame_left_top_bg2,assets/uires/uiatlas/maingame/maingameatlas.prefab,assets/PlatformAssets/Android/ab/cb/cbaa1f95e6fcf30e505ab82d1de19cac.unity3d,MainGameAtlas,548,413,34,14,完整图集自动裁切
maingameatlas/MainGame_LuckyRace_box.png,MainGame_LuckyRace_box,,MainGame_LuckyRace_box,assets/uires/uiatlas/maingame/maingameatlas.prefab,assets/PlatformAssets/Android/ab/cb/cbaa1f95e6fcf30e505ab82d1de19cac.unity3d,MainGameAtlas,228,490,30,30,完整图集自动裁切
maingameatlas/MainGame_LuckyRace_gold.png,MainGame_LuckyRace_gold,,MainGame_LuckyRace_gold,assets/uires/uiatlas/maingame/maingameatlas.prefab,assets/PlatformAssets/Android/ab/cb/cbaa1f95e6fcf30e505ab82d1de19cac.unity3d,MainGameAtlas,197,490,30,30,完整图集自动裁切
maingameatlas/MainGame_maohao2.png,MainGame_maohao2,,MainGame_maohao2,assets/uires/uiatlas/maingame/maingameatlas.prefab,assets/PlatformAssets/Android/ab/cb/cbaa1f95e6fcf30e505ab82d1de19cac.unity3d,MainGameAtlas,676,160,30,36,完整图集自动裁切
maingameatlas/MainGame_MapBg.png,MainGame_MapBg,,MainGame_MapBg,assets/uires/uiatlas/maingame/maingameatlas.prefab,assets/PlatformAssets/Android/ab/cb/cbaa1f95e6fcf30e505ab82d1de19cac.unity3d,MainGameAtlas,668,566,10,10,完整图集自动裁切
maingameatlas/MainGame_name_BG_hong.png,MainGame_name_BG_hong,,MainGame_name_BG_hong,assets/uires/uiatlas/maingame/maingameatlas.prefab,assets/PlatformAssets/Android/ab/cb/cbaa1f95e6fcf30e505ab82d1de19cac.unity3d,MainGameAtlas,668,577,41,38,完整图集自动裁切
maingameatlas/MainGame_name_BG_lan.png,MainGame_name_BG_lan,,MainGame_name_BG_lan,assets/uires/uiatlas/maingame/maingameatlas.prefab,assets/PlatformAssets/Android/ab/cb/cbaa1f95e6fcf30e505ab82d1de19cac.unity3d,MainGameAtlas,516,10,41,38,完整图集自动裁切
maingameatlas/MainGame_PetEgg.png,MainGame_PetEgg,,MainGame_PetEgg,assets/uires/uiatlas/maingame/maingameatlas.prefab,assets/PlatformAssets/Android/ab/cb/cbaa1f95e6fcf30e505ab82d1de19cac.unity3d,MainGameAtlas,0,244,41,38,完整图集自动裁切
maingameatlas/MainGame_popup_duihua.png,MainGame_popup_duihua,,MainGame_popup_duihua,assets/uires/uiatlas/maingame/maingameatlas.prefab,assets/PlatformAssets/Android/ab/cb/cbaa1f95e6fcf30e505ab82d1de19cac.unity3d,MainGameAtlas,405,53,90,74,完整图集自动裁切
maingameatlas/MainGame_shutiao.png,MainGame_shutiao,,MainGame_shutiao,assets/uires/uiatlas/maingame/maingameatlas.prefab,assets/PlatformAssets/Android/ab/cb/cbaa1f95e6fcf30e505ab82d1de19cac.unity3d,MainGameAtlas,335,59,10,30,完整图集自动裁切
maingameatlas/MainGame_TimeIcon.png,MainGame_TimeIcon,,MainGame_TimeIcon,assets/uires/uiatlas/maingame/maingameatlas.prefab,assets/PlatformAssets/Android/ab/cb/cbaa1f95e6fcf30e505ab82d1de19cac.unity3d,MainGameAtlas,673,334,31,34,完整图集自动裁切
maingameatlas/MainGame_tishi_2D.png,MainGame_tishi_2D,,MainGame_tishi_2D,assets/uires/uiatlas/maingame/maingameatlas.prefab,assets/PlatformAssets/Android/ab/cb/cbaa1f95e6fcf30e505ab82d1de19cac.unity3d,MainGameAtlas,469,14,46,34,完整图集自动裁切
maingameatlas/MainGame_tishi_jiafenbg.png,MainGame_tishi_jiafenbg,,MainGame_tishi_jiafenbg,assets/uires/uiatlas/maingame/maingameatlas.prefab,assets/PlatformAssets/Android/ab/cb/cbaa1f95e6fcf30e505ab82d1de19cac.unity3d,MainGameAtlas,405,350,252,60,完整图集自动裁切
maingameatlas/MainGame_tishi_jiaicon.png,MainGame_tishi_jiaicon,,MainGame_tishi_jiaicon,assets/uires/uiatlas/maingame/maingameatlas.prefab,assets/PlatformAssets/Android/ab/cb/cbaa1f95e6fcf30e505ab82d1de19cac.unity3d,MainGameAtlas,380,309,24,24,完整图集自动裁切
maingameatlas/MainGame_topjishis.png,MainGame_topjishis,,MainGame_topjishis,assets/uires/uiatlas/maingame/maingameatlas.prefab,assets/PlatformAssets/Android/ab/cb/cbaa1f95e6fcf30e505ab82d1de19cac.unity3d,MainGameAtlas,0,168,210,54,完整图集自动裁切
maingameatlas/MainGame_touxiang_danren2.png,MainGame_touxiang_danren2,,MainGame_touxiang_danren2,assets/uires/uiatlas/maingame/maingameatlas.prefab,assets/PlatformAssets/Android/ab/cb/cbaa1f95e6fcf30e505ab82d1de19cac.unity3d,MainGameAtlas,346,65,50,58,完整图集自动裁切
maingameatlas/MainGame_touxiang_danren2_bg.png,MainGame_touxiang_danren2_bg,,MainGame_touxiang_danren2_bg,assets/uires/uiatlas/maingame/maingameatlas.prefab,assets/PlatformAssets/Android/ab/cb/cbaa1f95e6fcf30e505ab82d1de19cac.unity3d,MainGameAtlas,123,17,161,28,完整图集自动裁切
maingameatlas/MainGame_touxiang_hongdui2.png,MainGame_touxiang_hongdui2,,MainGame_touxiang_hongdui2,assets/uires/uiatlas/maingame/maingameatlas.prefab,assets/PlatformAssets/Android/ab/cb/cbaa1f95e6fcf30e505ab82d1de19cac.unity3d,MainGameAtlas,414,576,50,58,完整图集自动裁切
maingameatlas/MainGame_touxiang_hongdui2_bg.png,MainGame_touxiang_hongdui2_bg,,MainGame_touxiang_hongdui2_bg,assets/uires/uiatlas/maingame/maingameatlas.prefab,assets/PlatformAssets/Android/ab/cb/cbaa1f95e6fcf30e505ab82d1de19cac.unity3d,MainGameAtlas,123,46,162,34,完整图集自动裁切
maingameatlas/MainGame_touxiang_landui2.png,MainGame_touxiang_landui2,,MainGame_touxiang_landui2,assets/uires/uiatlas/maingame/maingameatlas.prefab,assets/PlatformAssets/Android/ab/cb/cbaa1f95e6fcf30e505ab82d1de19cac.unity3d,MainGameAtlas,658,369,50,58,完整图集自动裁切
maingameatlas/MainGame_touxiang_landui2_bg.png,MainGame_touxiang_landui2_bg,,MainGame_touxiang_landui2_bg,assets/uires/uiatlas/maingame/maingameatlas.prefab,assets/PlatformAssets/Android/ab/cb/cbaa1f95e6fcf30e505ab82d1de19cac.unity3d,MainGameAtlas,184,90,161,33,完整图集自动裁切
maingameatlas/MainGame_xiaopenbg2.png,MainGame_xiaopenbg2,,MainGame_xiaopenbg2,assets/uires/uiatlas/maingame/maingameatlas.prefab,assets/PlatformAssets/Android/ab/cb/cbaa1f95e6fcf30e505ab82d1de19cac.unity3d,MainGameAtlas,609,65,64,64,完整图集自动裁切
maingameatlas/MainGame_xunlian_chengji01.png,MainGame_xunlian_chengji01,,MainGame_xunlian_chengji01,assets/uires/uiatlas/maingame/maingameatlas.prefab,assets/PlatformAssets/Android/ab/cb/cbaa1f95e6fcf30e505ab82d1de19cac.unity3d,MainGameAtlas,211,124,96,96,完整图集自动裁切
maingameatlas/MainGame_y.png,MainGame_y,,MainGame_y,assets/uires/uiatlas/maingame/maingameatlas.prefab,assets/PlatformAssets/Android/ab/cb/cbaa1f95e6fcf30e505ab82d1de19cac.unity3d,MainGameAtlas,674,93,34,36,完整图集自动裁切
maingameatlas/MainGame_zhuanshu.png,MainGame_zhuanshu,,MainGame_zhuanshu,assets/uires/uiatlas/maingame/maingameatlas.prefab,assets/PlatformAssets/Android/ab/cb/cbaa1f95e6fcf30e505ab82d1de19cac.unity3d,MainGameAtlas,617,565,50,50,完整图集自动裁切
maingameatlas/shulian_icon01.png,shulian_icon01,,shulian_icon01,assets/uires/uiatlas/maingame/maingameatlas.prefab,assets/PlatformAssets/Android/ab/cb/cbaa1f95e6fcf30e505ab82d1de19cac.unity3d,MainGameAtlas,0,283,145,126,完整图集自动裁切
maingameatlas/shulian_icon02.png,shulian_icon02,,shulian_icon02,assets/uires/uiatlas/maingame/maingameatlas.prefab,assets/PlatformAssets/Android/ab/cb/cbaa1f95e6fcf30e505ab82d1de19cac.unity3d,MainGameAtlas,267,488,146,146,完整图集自动裁切
maingameatlas/shulian_icon03.png,shulian_icon03,,shulian_icon03,assets/uires/uiatlas/maingame/maingameatlas.prefab,assets/PlatformAssets/Android/ab/cb/cbaa1f95e6fcf30e505ab82d1de19cac.unity3d,MainGameAtlas,0,410,145,139,完整图集自动裁切
maingameatlas/shulian_icon04.png,shulian_icon04,,shulian_icon04,assets/uires/uiatlas/maingame/maingameatlas.prefab,assets/PlatformAssets/Android/ab/cb/cbaa1f95e6fcf30e505ab82d1de19cac.unity3d,MainGameAtlas,414,411,133,150,完整图集自动裁切
maingameatlas/shulian_icon05.png,shulian_icon05,,shulian_icon05,assets/uires/uiatlas/maingame/maingameatlas.prefab,assets/PlatformAssets/Android/ab/cb/cbaa1f95e6fcf30e505ab82d1de19cac.unity3d,MainGameAtlas,469,562,147,146,完整图集自动裁切
maingameatlas/shulian_shuidi01.png,shulian_shuidi01,,shulian_shuidi01,assets/uires/uiatlas/maingame/maingameatlas.prefab,assets/PlatformAssets/Android/ab/cb/cbaa1f95e6fcf30e505ab82d1de19cac.unity3d,MainGameAtlas,682,542,27,34,完整图集自动裁切
maingameatlas/shulian_shuidi02.png,shulian_shuidi02,,shulian_shuidi02,assets/uires/uiatlas/maingame/maingameatlas.prefab,assets/PlatformAssets/Android/ab/cb/cbaa1f95e6fcf30e505ab82d1de19cac.unity3d,MainGameAtlas,682,507,27,34,完整图集自动裁切
maingameatlas/shulian_xinjilu.png,shulian_xinjilu,,shulian_xinjilu,assets/uires/uiatlas/maingame/maingameatlas.prefab,assets/PlatformAssets/Android/ab/cb/cbaa1f95e6fcf30e505ab82d1de19cac.unity3d,MainGameAtlas,405,294,267,55,完整图集自动裁切
maingameatlas/tipsbg.9.png,tipsbg.9,,tipsbg.9,assets/uires/uiatlas/maingame/maingameatlas.prefab,assets/PlatformAssets/Android/ab/cb/cbaa1f95e6fcf30e505ab82d1de19cac.unity3d,MainGameAtlas,257,307,122,26,完整图集自动裁切
maingameatlas/ZB_BG_top01.png,ZB_BG_top01,,ZB_BG_top01,assets/uires/uiatlas/maingame/maingameatlas.prefab,assets/PlatformAssets/Android/ab/cb/cbaa1f95e6fcf30e505ab82d1de19cac.unity3d,MainGameAtlas,420,240,212,53,完整图集自动裁切
