asset_path,bundle_path,object_type,object_name,path_id,png,width,height,error
image/karticon/r_0045_icon,ab/64/64a46d83d54364d936f659c04f25d7bc.unity3d,Texture2D,r_0045_icon,8454506378865308097,image/karticon/r_0045_icon.png,228,160,
image/karticon/r_0056_icon,ab/49/497feb03fac9153cd02ed938ce0e7c9c.unity3d,Texture2D,r_0056_icon,-7093013015769461303,image/karticon/r_0056_icon.png,228,160,
image/karticon/r_0057_icon,ab/0a/0a81dc342d133f084e94a46cd152afe7.unity3d,Texture2D,r_0057_icon,8502873138863853689,image/karticon/r_0057_icon.png,228,160,
image/karticon/r_0075_icon,ab/e8/e87573d4055524ad078349aa7f0edb14.unity3d,Texture2D,r_0075_icon,6024761203761079754,image/karticon/r_0075_icon.png,228,160,
image/karticon/r_0079_icon,ab/e8/e8a90ceadd8cb375c6c31614700f4f08.unity3d,Texture2D,r_0079_icon,-5426659952660626610,image/karticon/r_0079_icon.png,228,160,
image/karticon/r_0084_icon,ab/0c/0cdb81970379f88c3d0b568699451aae.unity3d,Texture2D,r_0084_icon,1540812695679170813,image/karticon/r_0084_icon.png,228,160,
image/karticon/r_0087_icon,ab/0a/0ae6fb56410616bf1df43a3b90ecb6f9.unity3d,Texture2D,r_0087_icon,8519249979925197749,image/karticon/r_0087_icon.png,228,160,
image/karticon/r_0088_icon,ab/50/5072e714ae7fb2387fb32cd2289e37f7.unity3d,Texture2D,r_0088_icon,-2446293239968050288,image/karticon/r_0088_icon.png,228,160,
image/karticon/r_0108_icon,ab/eb/eb62f4277f96548a1550575a8c0b6cc3.unity3d,Texture2D,r_0108_icon,6252870117783541082,image/karticon/r_0108_icon.png,228,160,
image/karticon/r_0114_icon,ab/e3/e35e7f84ebe4eab22b9b3d67214f1a68.unity3d,Texture2D,r_0114_icon,-7173831806224079231,image/karticon/r_0114_icon.png,228,160,
image/karticon/r_0119_icon,ab/69/69174919d3b7dad78ad57db1482f7091.unity3d,Texture2D,r_0119_icon,9186867882466551303,image/karticon/r_0119_icon.png,228,160,
image/karticon/r_0131_icon,ab/ec/ec3bc66631b36adcc6440de0df0f92aa.unity3d,Texture2D,r_0131_icon,-173997177879021509,image/karticon/r_0131_icon.png,228,160,
image/karticon/r_0136_icon,ab/d5/d503a082944e58a0251df1c740a6c6ac.unity3d,Texture2D,r_0136_icon,-4388908694245855338,image/karticon/r_0136_icon.png,228,160,
image/karticon/r_0137_icon,ab/e3/e3aa12eea9f966fb4ce2f3d7f9235054.unity3d,Texture2D,r_0137_icon,-8147195246077227308,image/karticon/r_0137_icon.png,228,160,
image/karticon/r_0140_icon,ab/c5/c56567ee000d4b4af77a57063a5249eb.unity3d,Texture2D,r_0140_icon,-349975159573392116,image/karticon/r_0140_icon.png,228,160,
image/karticon/r_0142_icon,ab/d2/d2205507d215d2da2fd897262bb6d070.unity3d,Texture2D,r_0142_icon,-5466516643842952490,image/karticon/r_0142_icon.png,228,160,
image/karticon/r_0158_icon,ab/62/62edda1174adb0162cdea5e884156829.unity3d,Texture2D,r_0158_icon,2335435368533509013,image/karticon/r_0158_icon.png,228,160,
image/karticon/r_0160_icon,ab/b5/b512e1fc1c01800e3d7967784d445d99.unity3d,Texture2D,r_0160_icon,-1028611677389184709,image/karticon/r_0160_icon.png,228,160,
image/karticon/r_0168_icon,ab/e8/e858e00fb5a20256c459fe0e9323874f.unity3d,Texture2D,r_0168_icon,-3093543498149292816,image/karticon/r_0168_icon.png,228,160,
image/karticon/r_0169_icon,ab/b5/b5fdef7726450106af5008284313e7f6.unity3d,Texture2D,r_0169_icon,5409832069534575621,image/karticon/r_0169_icon.png,228,160,
image/karticon/r_0173_icon,ab/69/6946e5be0cbf03a9142456170f6240c2.unity3d,Texture2D,r_0173_icon,1981113427743375765,image/karticon/r_0173_icon.png,228,160,
image/karticon/r_0175_icon,ab/31/31e662a25273154d893836c41e72aacd.unity3d,Texture2D,r_0175_icon,6350122888570592362,image/karticon/r_0175_icon.png,228,160,
image/karticon/r_0179_icon,ab/be/be0fe753f736c4a67e8bc72f204adc4b.unity3d,Texture2D,r_0179_icon,-3920648799345535462,image/karticon/r_0179_icon.png,228,160,
image/karticon/r_0186_icon,ab/e3/e34f0fbc30ed1cecef45355c965ce4e1.unity3d,Texture2D,r_0186_icon,-3660649493485223005,image/karticon/r_0186_icon.png,228,160,
image/karticon/r_0189_icon,ab/58/584336079e3e0861033f9384fab062c2.unity3d,Texture2D,r_0189_icon,-3473995560237062639,image/karticon/r_0189_icon.png,228,160,
image/karticon/r_0191_icon,ab/c0/c04698617faff6e69a9581c47ac681af.unity3d,Texture2D,r_0191_icon,1725989244365608054,image/karticon/r_0191_icon.png,228,160,
image/karticon/r_0194_icon,ab/e2/e21fcd90dc7af8fb5cb04e3acff599e9.unity3d,Texture2D,r_0194_icon,-8245320806642837085,image/karticon/r_0194_icon.png,228,160,
image/karticon/r_0196_icon,ab/31/31bfa3b37ee7f0aed700d5818acd7209.unity3d,Texture2D,r_0196_icon,4973137426616142395,image/karticon/r_0196_icon.png,228,160,
image/karticon/r_0197_icon,ab/b8/b870a3bd584bc773457b58e86b0e9611.unity3d,Texture2D,r_0197_icon,2637070534982941592,image/karticon/r_0197_icon.png,228,160,
image/karticon/r_0199_icon,ab/55/55c5fc427ba9d31dfaa493db0c44574e.unity3d,Texture2D,r_0199_icon,5969054435579544751,image/karticon/r_0199_icon.png,228,160,
image/karticon/r_0200_icon,ab/fb/fb7c4710631c43f3328b27243e3dd110.unity3d,Texture2D,r_0200_icon,-8832671477523908061,image/karticon/r_0200_icon.png,228,160,
image/karticon/r_0202_icon,ab/e9/e913a1fd0efb731a50bef95a399c50a6.unity3d,Texture2D,r_0202_icon,-989062597776113478,image/karticon/r_0202_icon.png,228,160,
image/karticon/r_0204_icon,ab/42/4267b1bd815248839f8d0780f3b8b482.unity3d,Texture2D,r_0204_icon,6063737190560001677,image/karticon/r_0204_icon.png,228,160,
image/karticon/r_0205_icon,ab/04/04381509336b093a2c771022d4292022.unity3d,Texture2D,r_0205_icon,-1105113982571375788,image/karticon/r_0205_icon.png,228,160,
image/karticon/r_0207_icon,ab/e2/e2c687af17c61c0f8e938dda04e845d0.unity3d,Texture2D,r_0207_icon,-2149928396380555159,image/karticon/r_0207_icon.png,228,160,
image/karticon/r_0208_icon,ab/29/29b391a0e369aa4710ff1bb8dc072e83.unity3d,Texture2D,r_0208_icon,-4760697690164514378,image/karticon/r_0208_icon.png,228,160,
image/karticon/r_0209_icon,ab/d0/d0d5001b67a978c8c4c1882515686ce9.unity3d,Texture2D,r_0209_icon,-6611592039644165877,image/karticon/r_0209_icon.png,228,160,
image/karticon/r_0216_icon,ab/1d/1d85531aad1aeaadfb5ae606ca2f5b0d.unity3d,Texture2D,r_0216_icon,6011469322937875520,image/karticon/r_0216_icon.png,228,160,
image/karticon/r_0217_icon,ab/b6/b696d772c719008eec4c90d07b164c10.unity3d,Texture2D,r_0217_icon,1914671311804637004,image/karticon/r_0217_icon.png,228,160,
image/karticon/r_0218_icon,ab/66/66970cb57cd0f63b9b6ddc8b4b43795c.unity3d,Texture2D,r_0218_icon,-5428521636251373674,image/karticon/r_0218_icon.png,228,160,
image/karticon/r_0222_icon,ab/0b/0bd1b8e62e3d4f4c41cedec6e49e7f90.unity3d,Texture2D,r_0222_icon,-73985232748501350,image/karticon/r_0222_icon.png,228,160,
image/karticon/r_0223_icon,ab/e0/e0afa802023f1edf8ef4666f6e8c7974.unity3d,Texture2D,r_0223_icon,6111185452008987477,image/karticon/r_0223_icon.png,228,160,
image/karticon/r_0227_icon,ab/d8/d8d205c7394be975672bfc4074cad1f4.unity3d,Texture2D,r_0227_icon,9153044364903265172,image/karticon/r_0227_icon.png,228,160,
image/karticon/r_0228_icon,ab/cc/cc730720ec08368995f254a55fde6086.unity3d,Texture2D,r_0228_icon,151161929756885689,image/karticon/r_0228_icon.png,228,160,
image/karticon/r_0230_icon,ab/0b/0b78aa7a61e752fe74445d6ff8dfa857.unity3d,Texture2D,r_0230_icon,-5957213516118591401,image/karticon/r_0230_icon.png,228,160,
image/karticon/r_0231_icon,ab/c7/c7f6a5b92a0e367698833c1f3f86f779.unity3d,Texture2D,r_0231_icon,-3415638488567649923,image/karticon/r_0231_icon.png,228,160,
image/karticon/r_0232_icon,ab/29/29f52804d04204e5d91356030a1330eb.unity3d,Texture2D,r_0232_icon,-3379002661171087880,image/karticon/r_0232_icon.png,228,160,
image/karticon/r_0233_icon,ab/02/023f09397460841cdb3f2ce79b7e43ac.unity3d,Texture2D,r_0233_icon,8319695814195882035,image/karticon/r_0233_icon.png,228,160,
image/karticon/r_0240_icon,ab/28/2804126bd12b4c6f2770afe65d010201.unity3d,Texture2D,r_0240_icon,9215897607890238240,image/karticon/r_0240_icon.png,228,160,
image/karticon/r_0244_icon,ab/de/de8053e56adb6f7e1dd70581434f9442.unity3d,Texture2D,r_0244_icon,-5167795610487683037,image/karticon/r_0244_icon.png,228,160,
image/karticon/r_0254_icon,ab/b3/b303482a7e9bf70ba1000a182480ef0a.unity3d,Texture2D,r_0254_icon,-4710902458810863557,image/karticon/r_0254_icon.png,228,160,
image/karticon/r_0256_icon,ab/cf/cfb94375325172d8cddf53d86707a71e.unity3d,Texture2D,r_0256_icon,7376820036525031179,image/karticon/r_0256_icon.png,228,160,
image/karticon/r_0260_icon,ab/64/6409c6b12a7b462e878f53dec39cc3c1.unity3d,Texture2D,r_0260_icon,-8510084688438140139,image/karticon/r_0260_icon.png,228,160,
image/karticon/r_0261_icon,ab/18/185eba505a7a71b2316145910b1ed913.unity3d,Texture2D,r_0261_icon,-5757025785260359430,image/karticon/r_0261_icon.png,228,160,
image/karticon/r_0262_icon,ab/cf/cf710e08f7087549705366d18c981b2d.unity3d,Texture2D,r_0262_icon,-5140226875362032975,image/karticon/r_0262_icon.png,228,160,
image/karticon/r_0266_icon,ab/3d/3da4e6a1bdd03de957b9a4406ac66b28.unity3d,Texture2D,r_0266_icon,-76428388249434367,image/karticon/r_0266_icon.png,228,160,
image/karticon/r_0268_icon,ab/55/55ccff5e82fa31e4a9c3988351c9e98c.unity3d,Texture2D,r_0268_icon,-266582427743752734,image/karticon/r_0268_icon.png,228,160,
image/karticon/r_0273_icon,ab/02/0229d5ed6c84beca53f3fb8a69bd6e89.unity3d,Texture2D,r_0273_icon,4438582756685476129,image/karticon/r_0273_icon.png,228,160,
image/karticon/r_0277_icon,ab/0e/0ef460cb05e8d151e26ea97c947de93e.unity3d,Texture2D,r_0277_icon,-1322960997265092697,image/karticon/r_0277_icon.png,228,160,
image/karticon/r_0280_icon,ab/bd/bd560b37d68074a0b98665aea1663ee4.unity3d,Texture2D,r_0280_icon,5650874765209212790,image/karticon/r_0280_icon.png,228,160,
image/karticon/r_0281_icon,ab/0c/0c1b5e943b484502fac1c274573400d8.unity3d,Texture2D,r_0281_icon,1723094915750542048,image/karticon/r_0281_icon.png,228,160,
image/karticon/r_0282_icon,ab/19/193e7224ee7be6cc8865769638e2e5a8.unity3d,Texture2D,r_0282_icon,7927467032953681567,image/karticon/r_0282_icon.png,228,160,
image/karticon/r_0284_icon,ab/50/5011e0daf9e3f5bccbaca788a486d53c.unity3d,Texture2D,r_0284_icon,-1702812775745498127,image/karticon/r_0284_icon.png,228,160,
image/karticon/r_0287_icon,ab/00/00af0052d4479dc7c9ae180df58c2a83.unity3d,Texture2D,r_0287_icon,-7133444715869906116,image/karticon/r_0287_icon.png,228,160,
image/karticon/r_0288_icon,ab/e3/e3e1c49027538e3a9dd420b6f07d9802.unity3d,Texture2D,r_0288_icon,148233166170855821,image/karticon/r_0288_icon.png,228,160,
image/karticon/r_0289_icon,ab/b3/b359ca15a53cc141977d0296972c6268.unity3d,Texture2D,r_0289_icon,9024245642260901530,image/karticon/r_0289_icon.png,228,160,
image/karticon/r_0290_icon,ab/cd/cdd90a4b0870908dfba4859d9dc3fca4.unity3d,Texture2D,r_0290_icon,999338456185218022,image/karticon/r_0290_icon.png,228,160,
image/karticon/r_0291_icon,ab/43/432d1c51d7ba2f7f143809cda9745998.unity3d,Texture2D,r_0291_icon,-1011289249752198560,image/karticon/r_0291_icon.png,228,160,
image/karticon/r_0292_icon,ab/c0/c0062c7af9533d57e24c1742cb5975b8.unity3d,Texture2D,r_0292_icon,8138303309727787779,image/karticon/r_0292_icon.png,228,160,
image/karticon/r_0299_icon,ab/c8/c801e6d976da77f1cfa0db8a2b1ec29b.unity3d,Texture2D,r_0299_icon,-977752348055537310,image/karticon/r_0299_icon.png,228,160,
image/karticon/r_0301_icon,ab/b3/b3feb57044f03c076476f1e3aa4a67d7.unity3d,Texture2D,r_0301_icon,7422931975436774870,image/karticon/r_0301_icon.png,228,160,
image/karticon/r_0302_icon,ab/d5/d59898231ab61f9501f39a851c9a3789.unity3d,Texture2D,r_0302_icon,-2203364309471731150,image/karticon/r_0302_icon.png,228,160,
image/karticon/r_0308_icon,ab/62/628b4266cbdb516bb454cb39a0f72f76.unity3d,Texture2D,r_0308_icon,6762552944643584040,image/karticon/r_0308_icon.png,228,160,
image/karticon/r_0310_icon,ab/dd/ddd74df2f94b11a3b31bef64c7cc8d3d.unity3d,Texture2D,r_0310_icon,8287046854637501372,image/karticon/r_0310_icon.png,228,160,
image/karticon/r_0311_icon,ab/d3/d34ea7b35b47fc59d8abbf7dbb923e08.unity3d,Texture2D,r_0311_icon,-5949706391514168434,image/karticon/r_0311_icon.png,228,160,
image/karticon/r_0316_icon,ab/2f/2f5c6871446dba27b0ac9a406ca932a0.unity3d,Texture2D,r_0316_icon,986570684195850630,image/karticon/r_0316_icon.png,228,160,
image/karticon/r_0322_icon,ab/23/23bc4f2a3e0c8722231d36d0702a72a3.unity3d,Texture2D,r_0322_icon,3857261808754816532,image/karticon/r_0322_icon.png,228,160,
image/karticon/r_0323_icon,ab/d8/d87d813d1f64a21b05e17792299dd947.unity3d,Texture2D,r_0323_icon,1804656045282608772,image/karticon/r_0323_icon.png,228,160,
image/karticon/r_0327_icon,ab/46/461ca0fb7ef09a12bd11345fbd0dd3ef.unity3d,Texture2D,r_0327_icon,8466103638657657137,image/karticon/r_0327_icon.png,228,160,
image/karticon/r_0330_icon,ab/36/368271ff702aad2d4c7b5986e70e5f74.unity3d,Texture2D,r_0330_icon,7739356863112578535,image/karticon/r_0330_icon.png,228,160,
image/karticon/r_0335_icon,ab/f7/f7e1b09996c2c104ca9e18fcaf6ef92a.unity3d,Texture2D,r_0335_icon,1351997225943518541,image/karticon/r_0335_icon.png,228,160,
image/karticon/r_0337_icon,ab/35/3507561cbf55ca8d9d91e4a6757f4ace.unity3d,Texture2D,r_0337_icon,-8251861809062689888,image/karticon/r_0337_icon.png,228,160,
image/karticon/r_0343_icon,ab/b5/b5db0dcefbdbb26e274604425c6f3c14.unity3d,Texture2D,r_0343_icon,-599234943786863977,image/karticon/r_0343_icon.png,228,160,
image/karticon/r_0344_icon,ab/55/55716549099f096a8ab8c5d964497c81.unity3d,Texture2D,r_0344_icon,-8073715054555367527,image/karticon/r_0344_icon.png,228,160,
image/karticon/r_0345_icon,ab/c8/c88f42e58be3f5aafca2e4827787b603.unity3d,Texture2D,r_0345_icon,7078049045893058901,image/karticon/r_0345_icon.png,228,160,
image/karticon/r_0347_icon,ab/e8/e847cb0e9f866aa41c84254b4e014c36.unity3d,Texture2D,r_0347_icon,1445316424206371062,image/karticon/r_0347_icon.png,228,160,
image/karticon/r_0349_icon,ab/fd/fd08002a55ade13b42eb3b71c92364ff.unity3d,Texture2D,r_0349_icon,7988014037810884658,image/karticon/r_0349_icon.png,228,160,
image/karticon/r_0351_icon,ab/d5/d505ef23138decc661c8d3c8203bc42e.unity3d,Texture2D,r_0351_icon,-6013843625486393738,image/karticon/r_0351_icon.png,228,160,
image/karticon/r_0352_icon,ab/dd/dd12b7aa0c19858667884245bdebbe66.unity3d,Texture2D,r_0352_icon,-8482274655692276829,image/karticon/r_0352_icon.png,228,160,
image/karticon/r_0355_icon,ab/b5/b567e64ba6101f8e104d82a7d11a54c6.unity3d,Texture2D,r_0355_icon,8616305196892978035,image/karticon/r_0355_icon.png,228,160,
image/karticon/r_0359_icon,ab/03/032e95a57d2a000a967346967e83511d.unity3d,Texture2D,r_0359_icon,3570218549509001682,image/karticon/r_0359_icon.png,228,160,
image/karticon/r_0362_icon,ab/f1/f16f197aa5b6ddc8a2f574b970c08498.unity3d,Texture2D,r_0362_icon,-7202616969964599071,image/karticon/r_0362_icon.png,228,160,
image/karticon/r_0364_icon,ab/be/be93a8d1b9d853d0536b94f86853bb3e.unity3d,Texture2D,r_0364_icon,3098161781613654837,image/karticon/r_0364_icon.png,228,160,
image/karticon/r_0366_icon,ab/58/5818176db0880bb27347a43cd2d80dcd.unity3d,Texture2D,r_0366_icon,1717556824034823842,image/karticon/r_0366_icon.png,228,160,
image/karticon/r_0368_icon,ab/28/2877c41f485cdb23e1a1a057902d4df7.unity3d,Texture2D,r_0368_icon,8156431060546170952,image/karticon/r_0368_icon.png,228,160,
image/karticon/r_0369_icon,ab/40/404189e44a28148d3596ce2a6c15680f.unity3d,Texture2D,r_0369_icon,-16282147191393809,image/karticon/r_0369_icon.png,228,160,
image/karticon/r_0370_icon,ab/c5/c59eda338b76adc141475c5e184257ac.unity3d,Texture2D,r_0370_icon,8240224496930275170,image/karticon/r_0370_icon.png,228,160,
image/karticon/r_0372_icon,ab/c0/c0fd9e84ccc910c636ed7866defc05b0.unity3d,Texture2D,r_0372_icon,-1395014158844327773,image/karticon/r_0372_icon.png,228,160,
image/karticon/r_0379_icon,ab/e8/e84258b30199a363999ee8861f93c616.unity3d,Texture2D,r_0379_icon,2810715220801807008,image/karticon/r_0379_icon.png,228,160,
image/karticon/r_0382_icon,ab/ec/ec7aa0bd27180d38aa2b09c3a03ed665.unity3d,Texture2D,r_0382_icon,9196795002603161908,image/karticon/r_0382_icon.png,228,160,
image/karticon/r_0383_icon,ab/51/5134e4a9ff1ba459132a0565715432b9.unity3d,Texture2D,r_0383_icon,7371071979142572296,image/karticon/r_0383_icon.png,228,160,
image/karticon/r_0385_icon,ab/66/669f3dc7d26e094f5cee04f21b66a254.unity3d,Texture2D,r_0385_icon,-177863644712430433,image/karticon/r_0385_icon.png,228,160,
image/karticon/r_0389_icon,ab/18/1873786ef715a06eb55afbd831c67606.unity3d,Texture2D,r_0389_icon,8769409773567835378,image/karticon/r_0389_icon.png,228,160,
image/karticon/r_0390_icon,ab/36/36a1b054530e9c2a8714f6202f0fd1a8.unity3d,Texture2D,r_0390_icon,4697748732624847021,image/karticon/r_0390_icon.png,228,160,
image/karticon/r_0392_icon,ab/cd/cd78d333823c3ddc35ce80f46cdfbebf.unity3d,Texture2D,r_0392_icon,-3658791303017085063,image/karticon/r_0392_icon.png,228,160,
image/karticon/r_0400_icon,ab/0a/0a61628bbad087622320ede664ad4196.unity3d,Texture2D,r_0400_icon,-7905480582973281965,image/karticon/r_0400_icon.png,228,160,
image/karticon/r_0402_icon,ab/47/4781d8e21a6a6122889c2c7a02c0c967.unity3d,Texture2D,r_0402_icon,-2384595451924573520,image/karticon/r_0402_icon.png,228,160,
image/karticon/r_0405_icon,ab/c3/c39e395ef09a37dbe3e215087ad743a4.unity3d,Texture2D,r_0405_icon,-3532862920625201116,image/karticon/r_0405_icon.png,228,160,
image/karticon/r_0407_icon,ab/f1/f1dc0f90f45989a401ec60d301bcdaf4.unity3d,Texture2D,r_0407_icon,7066666475986810189,image/karticon/r_0407_icon.png,228,160,
image/karticon/r_0412_icon,ab/f8/f89f6869204da4adf01aa9be31564c6e.unity3d,Texture2D,r_0412_icon,-2340349931001642056,image/karticon/r_0412_icon.png,228,160,
image/karticon/r_0413_icon,ab/c7/c74a9b25724aa8f50ec8072b5c5f7400.unity3d,Texture2D,r_0413_icon,-5162898177124130592,image/karticon/r_0413_icon.png,228,160,
image/karticon/r_0424_icon,ab/70/707abbab4ebae1b759f361352e3e43ac.unity3d,Texture2D,r_0424_icon,6859077089205242923,image/karticon/r_0424_icon.png,228,160,
image/karticon/r_0427_icon,ab/b3/b3ee8ce23c4ae129d52d2df32e517796.unity3d,Texture2D,r_0427_icon,3872874822883379309,image/karticon/r_0427_icon.png,228,160,
image/karticon/r_0429_icon,ab/cd/cd857e4726c2888fa058d6b7ea42f71e.unity3d,Texture2D,r_0429_icon,-4389333195357737572,image/karticon/r_0429_icon.png,228,160,
image/karticon/r_0436_icon,ab/27/27a1b4e04203224f62a04842bbeefb07.unity3d,Texture2D,r_0436_icon,-208414861669559078,image/karticon/r_0436_icon.png,228,160,
image/karticon/r_0443_icon,ab/40/40bf5f61a882542566ff146579fc6abb.unity3d,Texture2D,r_0443_icon,-3239687537713648089,image/karticon/r_0443_icon.png,228,160,
image/karticon/r_0444_icon,ab/c3/c332316f3a234382c12c1582443099ad.unity3d,Texture2D,r_0444_icon,4401406621380274408,image/karticon/r_0444_icon.png,228,160,
image/karticon/r_0448_icon,ab/26/26b38acbc8b3912253b90e2341bcb31e.unity3d,Texture2D,r_0448_icon,5638309965353984622,image/karticon/r_0448_icon.png,228,160,
image/karticon/r_0453_icon,ab/dd/ddbb1ac8a477291c54fbeb0724214d27.unity3d,Texture2D,r_0453_icon,7844838839021930414,image/karticon/r_0453_icon.png,228,160,
image/karticon/r_0462_icon,ab/c1/c17341a6b875cc232d9433e187af35a7.unity3d,Texture2D,r_0462_icon,-2895588843261211978,image/karticon/r_0462_icon.png,228,160,
image/karticon/r_0465_icon,ab/36/36d6f39ea797d4259bb66611312d57a2.unity3d,Texture2D,r_0465_icon,-414328095921952416,image/karticon/r_0465_icon.png,228,160,
image/karticon/r_0473_icon,ab/cf/cf47bf7dcce4814fc1718bd884b07748.unity3d,Texture2D,r_0473_icon,-6091008482203157407,image/karticon/r_0473_icon.png,228,160,
image/karticon/r_0474_icon,ab/fc/fcc989b303fdfebd28300c1720e6f7fa.unity3d,Texture2D,r_0474_icon,1035187203656697981,image/karticon/r_0474_icon.png,228,160,
image/karticon/r_0480_icon,ab/36/36bf72794de48842b4bddcc55501878f.unity3d,Texture2D,r_0480_icon,-8987926781088256822,image/karticon/r_0480_icon.png,228,160,
image/karticon/r_0489_icon,ab/53/531d8f49bcb02fb0722701eefa5e8ccb.unity3d,Texture2D,r_0489_icon,-2133110973891464234,image/karticon/r_0489_icon.png,228,160,
image/karticon/r_0490_icon,ab/55/550c54ad249b4fcc09ac2bf335a40b8d.unity3d,Texture2D,r_0490_icon,4396821274112231635,image/karticon/r_0490_icon.png,228,160,
image/karticon/r_0491_icon,ab/c1/c1cfd6a5acd9c82d6c2824099c16a06f.unity3d,Texture2D,r_0491_icon,-186095477849879613,image/karticon/r_0491_icon.png,228,160,
image/karticon/r_0495_icon,ab/fd/fd2bac5f1b62a5bdb80d25ee9bf81d88.unity3d,Texture2D,r_0495_icon,5124733843592778269,image/karticon/r_0495_icon.png,228,160,
image/karticon/r_0502_icon,ab/50/500ea4035170cedf00fdffa05f32169d.unity3d,Texture2D,r_0502_icon,7145970428108680951,image/karticon/r_0502_icon.png,228,160,
image/karticon/r_0505_icon,ab/fc/fc753a4b7d8242f4317a6169c55f1eb2.unity3d,Texture2D,r_0505_icon,-3876464956868679385,image/karticon/r_0505_icon.png,228,160,
image/karticon/r_0507_icon,ab/eb/eb84c5b92509fec537d2e91d4cb1f41e.unity3d,Texture2D,r_0507_icon,2955749320781478433,image/karticon/r_0507_icon.png,228,160,
image/karticon/r_0508_icon,ab/ed/edf4d55b3f33911cc1b50c10016cbaea.unity3d,Texture2D,r_0508_icon,7089694269954791015,image/karticon/r_0508_icon.png,228,160,
image/karticon/r_0520_icon,ab/e4/e4ed9a6cecc8c36925aa1fb82b9c18a6.unity3d,Texture2D,r_0520_icon,-1300945682596842143,image/karticon/r_0520_icon.png,228,160,
image/karticon/r_0521_icon,ab/58/588c9d718d70970058c1b4723b5548b2.unity3d,Texture2D,r_0521_icon,-6265102506711017455,image/karticon/r_0521_icon.png,228,160,
image/karticon/r_0522_icon,ab/65/6529891537bf0c067f3d376eef634709.unity3d,Texture2D,r_0522_icon,3288114545434607670,image/karticon/r_0522_icon.png,228,160,
image/karticon/r_0529_icon,ab/2f/2f139eabadfd29f9387e6ee4565a9050.unity3d,Texture2D,r_0529_icon,-5973200677391918514,image/karticon/r_0529_icon.png,228,160,
image/karticon/r_0530_icon,ab/b5/b52a1d9c9882feec43bf4184db12f3c1.unity3d,Texture2D,r_0530_icon,2618602290097301788,image/karticon/r_0530_icon.png,228,160,
image/karticon/r_0531_icon,ab/3d/3dd95863dea407a1a0c364af9bf056ee.unity3d,Texture2D,r_0531_icon,5115001809099824918,image/karticon/r_0531_icon.png,228,160,
image/karticon/r_0532_icon,ab/d2/d2f7686f0f1f36a9f42860754a4c24dc.unity3d,Texture2D,r_0532_icon,8740814968752650796,image/karticon/r_0532_icon.png,228,160,
image/karticon/r_0534_icon,ab/65/65a653f159d95b13fd64bbcfa0988acb.unity3d,Texture2D,r_0534_icon,8441190355458982075,image/karticon/r_0534_icon.png,228,160,
image/karticon/r_0540_icon,ab/3d/3dd2e288ba10c8ecf8058a8b29df39d1.unity3d,Texture2D,r_0540_icon,-2475224615205221312,image/karticon/r_0540_icon.png,228,160,
image/karticon/r_0542_icon,ab/b5/b5c6fb64c697236c91283e8a9996b20d.unity3d,Texture2D,r_0542_icon,-7294812893220720368,image/karticon/r_0542_icon.png,228,160,
image/karticon/r_0543_icon,ab/e8/e89e1dd792b13eedff38ca34ab9a1ca2.unity3d,Texture2D,r_0543_icon,7095876066237699191,image/karticon/r_0543_icon.png,228,160,
image/karticon/r_0544_icon,ab/d2/d210be3733d83e36f2b4e1e9256c1981.unity3d,Texture2D,r_0544_icon,-1602257615007060310,image/karticon/r_0544_icon.png,228,160,
image/karticon/r_0548_icon,ab/16/16a84dee08ef059725d8d4d5b8ac9ebf.unity3d,Texture2D,r_0548_icon,273231583891659914,image/karticon/r_0548_icon.png,228,160,
image/karticon/r_0549_icon,ab/cd/cd7cbea5d07cf44eace9f2efa08ea3c7.unity3d,Texture2D,r_0549_icon,1076931104667647030,image/karticon/r_0549_icon.png,228,160,
image/karticon/r_0550_icon,ab/42/42b219b3faf9727f05e5b194812fba58.unity3d,Texture2D,r_0550_icon,-1517295974268286343,image/karticon/r_0550_icon.png,228,160,
image/karticon/r_0558_icon,ab/47/474135b8e1a99aab303e13fbd359ccdc.unity3d,Texture2D,r_0558_icon,43969881871226992,image/karticon/r_0558_icon.png,228,160,
image/karticon/r_0564_icon,ab/16/1602f19f3cae0c22cff88678eeeac9cd.unity3d,Texture2D,r_0564_icon,270571250283289017,image/karticon/r_0564_icon.png,228,160,
image/karticon/r_0565_icon,ab/f3/f30abe0ebc4faa46fadd982be3b63c31.unity3d,Texture2D,r_0565_icon,-3396243852641360383,image/karticon/r_0565_icon.png,228,160,
image/karticon/r_0569_icon,ab/ca/cad482dfd10b7478c35258bc127c2fd6.unity3d,Texture2D,r_0569_icon,-2876282259062828451,image/karticon/r_0569_icon.png,228,160,
image/karticon/r_0572_icon,ab/3c/3c8ef5362929644874bf64328d5ab46f.unity3d,Texture2D,r_0572_icon,-8310175919237175483,image/karticon/r_0572_icon.png,228,160,
image/karticon/r_0578_icon,ab/f1/f18d93d311d0599bcd34a630cb8fc880.unity3d,Texture2D,r_0578_icon,2793015301401646831,image/karticon/r_0578_icon.png,228,160,
image/charheadicon/f_0005_02_icon,ab/d1/d1235f4480d6e1f8203c57c3516f445a.unity3d,Texture2D,f_0005_02_icon,8406464151684154413,image/charheadicon/f_0005_02_icon.png,456,320,
image/charheadicon/f_0016,ab/23/23de21fced7c865664937e38f6498a86.unity3d,Texture2D,f_0016,-7839952826216313416,image/charheadicon/f_0016.png,456,320,
image/charheadicon/f_0017,ab/b8/b87ca01f778cdc1c4ca8333ad2f0735f.unity3d,Texture2D,f_0017,5394805335708493210,image/charheadicon/f_0017.png,456,320,
image/charheadicon/f_0024,ab/de/ded5fc19cdd30d781dddc6cbd023fec7.unity3d,Texture2D,f_0024,6136768591413031179,image/charheadicon/f_0024.png,456,320,
image/charheadicon/f_0025,ab/c0/c01fc425ee5751bc436d947fb86003e6.unity3d,Texture2D,f_0025,301621305172765034,image/charheadicon/f_0025.png,456,320,
image/charheadicon/f_0027,ab/19/19109018ef1bbf3a32e0c1911ef255fe.unity3d,Texture2D,f_0027,-2515525375126058342,image/charheadicon/f_0027.png,456,320,
image/charheadicon/f_0030,ab/0b/0ba811b2efe69519fab8871525e60b80.unity3d,Texture2D,f_0030,5547179016800161595,image/charheadicon/f_0030.png,456,320,
image/charheadicon/f_0031,ab/cd/cdaaea66f3a7ef88288b2c9bc0b2cdd4.unity3d,Texture2D,f_0031,-2342509820572100481,image/charheadicon/f_0031.png,456,320,
image/charheadicon/f_0033,ab/e8/e8218cd4f3eaa586d9f3111ca7a57222.unity3d,Texture2D,f_0033,-7705939946200493175,image/charheadicon/f_0033.png,456,320,
image/charheadicon/f_0034,ab/0b/0b8847ddb580059f43225f562d3ba102.unity3d,Texture2D,f_0034,-5641228133211229834,image/charheadicon/f_0034.png,456,320,
image/charheadicon/f_0035,ab/bc/bc9a05be67dd3335475a23f63fb465c3.unity3d,Texture2D,f_0035,394868728888116219,image/charheadicon/f_0035.png,456,320,
image/charheadicon/f_0037,ab/46/46d9e2353ac383b15929d87bf9df8ad4.unity3d,Texture2D,f_0037,-5937848557997961034,image/charheadicon/f_0037.png,456,320,
image/charheadicon/f_0042,ab/e0/e09dad0e709135cf299a3e50f2c93d9a.unity3d,Texture2D,f_0042,8939687354280119521,image/charheadicon/f_0042.png,456,320,
image/charheadicon/f_0054,ab/b6/b6dcc057e0d0bb9c05c5d2fdc9912d24.unity3d,Texture2D,f_0054,-6543707937410173716,image/charheadicon/f_0054.png,456,320,
image/charheadicon/f_1014_02_icon,ab/67/67fe46f806b7d141e0b876edd2a91fa8.unity3d,Texture2D,f_1014_02_icon,1445368648914540437,image/charheadicon/f_1014_02_icon.png,456,320,
image/charheadicon/f_1027,ab/be/bedbc95bf8365a42be9e40ebf5c4615a.unity3d,Texture2D,f_1027,-1068416083766732318,image/charheadicon/f_1027.png,456,320,
image/charheadicon/f_1149,ab/0c/0c011c9a1df26dba9b334386b8d3a0b9.unity3d,Texture2D,f_1149,7049053523535969536,image/charheadicon/f_1149.png,456,320,
image/charheadicon/f_1152,ab/2d/2d7d3f506797c9486c0ee43fbf5368b2.unity3d,Texture2D,f_1152,7181509512155906801,image/charheadicon/f_1152.png,456,320,
image/charheadicon/f_1164,ab/36/36dee187ad53054e26ede8b416744e7a.unity3d,Texture2D,f_1164,5631472472303570427,image/charheadicon/f_1164.png,456,320,
image/charheadicon/f_1165,ab/3b/3b96fa6fb2838d5aae15773b34e631c9.unity3d,Texture2D,f_1165,145130626243155609,image/charheadicon/f_1165.png,456,320,
image/charheadicon/f_1187,ab/3c/3c684a8098ac9c2598fc55e4d24a1c90.unity3d,Texture2D,f_1187,3258242952156289451,image/charheadicon/f_1187.png,456,320,
image/charheadicon/f_1204,ab/ca/ca088db3ffabe223b041d3fb1c9b60c8.unity3d,Texture2D,f_1204,3384670425354924405,image/charheadicon/f_1204.png,456,320,
image/charheadicon/f_1213,ab/d1/d162ffbee51d5bc74fcb630aba6ec673.unity3d,Texture2D,f_1213,-5784228262059031602,image/charheadicon/f_1213.png,456,320,
image/charheadicon/f_1231,ab/e4/e41b0339ce0ad1f5fdaa2e7305ad5cec.unity3d,Texture2D,f_1231,5852941671402742325,image/charheadicon/f_1231.png,456,320,
image/charheadicon/f_1233,ab/e8/e8071e41d70357dea598ee60e7518f32.unity3d,Texture2D,f_1233,2507798548921086441,image/charheadicon/f_1233.png,456,320,
image/charheadicon/f_1244,ab/c9/c99db4f827d5c92c2e8d025fd9928366.unity3d,Texture2D,f_1244,5368565373786721828,image/charheadicon/f_1244.png,456,320,
image/charheadicon/f_1251,ab/c8/c8a8a1a09e01de3b4cba3b14bdf7c3c0.unity3d,Texture2D,f_1251,-3594847145838198170,image/charheadicon/f_1251.png,456,320,
image/charheadicon/f_1311,ab/2f/2ffedad9538a3ec9b53a2a975caa9904.unity3d,Texture2D,f_1311,2258077532429510956,image/charheadicon/f_1311.png,456,320,
image/charheadicon/f_1347,ab/d5/d5d39044e3825f3e5b2a997544f9fc3f.unity3d,Texture2D,f_1347,-2083427559481038365,image/charheadicon/f_1347.png,456,320,
image/charheadicon/f_1348,ab/3b/3b07576ffa40907623f3d424630ac5f8.unity3d,Texture2D,f_1348,3671546936023844358,image/charheadicon/f_1348.png,456,320,
image/charheadicon/f_1360,ab/64/645628d42ec078f10a896c05e2ebee67.unity3d,Texture2D,f_1360,4580460049643049372,image/charheadicon/f_1360.png,456,320,
image/charheadicon/f_1368,ab/d8/d81b195dea2ee0af1d4a675231012d9f.unity3d,Texture2D,f_1368,6585216664680381396,image/charheadicon/f_1368.png,456,320,
image/charheadicon/f_1369,ab/26/268f02f8b22fd34793086632c5a49d96.unity3d,Texture2D,f_1369,7016044472804294806,image/charheadicon/f_1369.png,456,320,
image/charheadicon/f_1373,ab/3c/3c29f778a9b7879cc47901f6671964c9.unity3d,Texture2D,f_1373,-4112550275323489492,image/charheadicon/f_1373.png,456,320,
image/charheadicon/f_1374,ab/c1/c161a1f91cb5869189c02375cdf13854.unity3d,Texture2D,f_1374,2384849735067544488,image/charheadicon/f_1374.png,456,320,
image/charheadicon/f_1375,ab/af/af9da45cab10a1d5a699494d6b971a36.unity3d,Texture2D,f_1375,1514090011088186314,image/charheadicon/f_1375.png,456,320,
image/charheadicon/f_1386,ab/47/47f07b8d489b209c641c0ff4268bcaeb.unity3d,Texture2D,f_1386,-7730870551155865982,image/charheadicon/f_1386.png,456,320,
image/charheadicon/f_1409,ab/b3/b3cdf3b84c42191a01b13fb601aa1de2.unity3d,Texture2D,f_1409,266080824342328717,image/charheadicon/f_1409.png,456,320,
image/charheadicon/f_1413,ab/cf/cfcbd1d9a825ff46d2b339c4417f60df.unity3d,Texture2D,f_1413,8382334742232447152,image/charheadicon/f_1413.png,456,320,
image/charheadicon/f_1424,ab/ec/ec5acdcc3d92c5d0c46fb575e3d52be0.unity3d,Texture2D,f_1424,1516985573144756270,image/charheadicon/f_1424.png,456,320,
image/charheadicon/m_0008_02_icon,ab/0c/0c9020536f8533089f9af8e965d04793.unity3d,Texture2D,m_0008_02_icon,4535521186859092254,image/charheadicon/m_0008_02_icon.png,456,320,
image/charheadicon/m_0010_02_icon,ab/b8/b8fc8a744bd63b32b1d312e6abc2053c.unity3d,Texture2D,m_0010_02_icon,5479226373494215633,image/charheadicon/m_0010_02_icon.png,456,320,
image/charheadicon/m_0022,ab/0e/0e033c43c5343a18112e553a55746fa1.unity3d,Texture2D,m_0022,9009640519191134757,image/charheadicon/m_0022.png,456,320,
image/charheadicon/m_0034,ab/fa/fa0455b0b89af14c8b8ca09fe5a4e027.unity3d,Texture2D,m_0034,7327606441988502002,image/charheadicon/m_0034.png,456,320,
image/charheadicon/m_0039,ab/47/47f36730fd808d463e9aaf19a6acbf27.unity3d,Texture2D,m_0039,5636470333819371697,image/charheadicon/m_0039.png,456,320,
image/charheadicon/m_0045,ab/00/00b2f8f40a065230ff015f9ab50ed386.unity3d,Texture2D,m_0045,-4564014440586683552,image/charheadicon/m_0045.png,456,320,
image/charheadicon/m_0047,ab/b8/b8ca8462da7a453886aeb916e061029a.unity3d,Texture2D,m_0047,-6839098741838028307,image/charheadicon/m_0047.png,456,320,
image/charheadicon/m_0053,ab/43/4309220fb97772be20682dcda0e55c95.unity3d,Texture2D,m_0053,8217647840282677188,image/charheadicon/m_0053.png,456,320,
image/charheadicon/m_0054,ab/af/afc6199bb9c3f81f4d1d336cdb7b2c0a.unity3d,Texture2D,m_0054,-128197214375861252,image/charheadicon/m_0054.png,456,320,
image/charheadicon/m_0056,ab/e5/e505ef6bf34042aa77ebe2064cccc4a3.unity3d,Texture2D,m_0056,-2482263139005243508,image/charheadicon/m_0056.png,456,320,
image/charheadicon/m_0058,ab/ed/ed96349669c198117f4004217d0d2015.unity3d,Texture2D,m_0058,-5256051042719195992,image/charheadicon/m_0058.png,456,320,
image/charheadicon/m_0059,ab/17/177ca9e9cca5e83f464bfaae89332057.unity3d,Texture2D,m_0059,7668098273031051673,image/charheadicon/m_0059.png,456,320,
image/charheadicon/m_0060,ab/0b/0b158a012e17c733f6ef32f3ec9fbec5.unity3d,Texture2D,m_0060,3762378791657283866,image/charheadicon/m_0060.png,456,320,
image/charheadicon/m_0062,ab/d5/d52572ebbd7f6b102838ab692c279937.unity3d,Texture2D,m_0062,4483139704731741035,image/charheadicon/m_0062.png,456,320,
image/charheadicon/m_0065,ab/00/005f583ad3981e4c1ba749f00402ee1e.unity3d,Texture2D,m_0065,206914343809650491,image/charheadicon/m_0065.png,456,320,
image/charheadicon/m_0071,ab/3c/3c937c509b4fd7ad2f4956d45f053fb5.unity3d,Texture2D,m_0071,-9179535967506466040,image/charheadicon/m_0071.png,456,320,
image/charheadicon/m_0075,ab/d3/d3feb42c326b933320d3669983225541.unity3d,Texture2D,m_0075,288251722078692976,image/charheadicon/m_0075.png,456,320,
image/charheadicon/m_0079,ab/c3/c3e81df82bab7bdc81574aead911f164.unity3d,Texture2D,m_0079,-7479110609274684944,image/charheadicon/m_0079.png,456,320,
image/charheadicon/m_0082,ab/f3/f35958bcbaec9a7c37a74c7618a75f02.unity3d,Texture2D,m_0082,368036072850785562,image/charheadicon/m_0082.png,456,320,
image/charheadicon/m_0087,ab/c5/c57ac1e3b240ee6ff6fedde175cd8246.unity3d,Texture2D,m_0087,4581307218712477395,image/charheadicon/m_0087.png,456,320,
image/charheadicon/m_0095,ab/e2/e2fb77f715bc83e1772d3a49a61655dc.unity3d,Texture2D,m_0095,2097834145950076483,image/charheadicon/m_0095.png,456,320,
image/charheadicon/m_0096,ab/3f/3f480c820c7b27511ec52ff57fb9cecf.unity3d,Texture2D,m_0096,2802074762523491895,image/charheadicon/m_0096.png,456,320,
image/charheadicon/m_1128,ab/65/652b90a6a3a606c1aca45344184b1f6c.unity3d,Texture2D,m_1128,-7021283760505522826,image/charheadicon/m_1128.png,456,320,
image/charheadicon/m_1135,ab/af/af36f7bb3df416b0d3e0669d1e515810.unity3d,Texture2D,m_1135,8817114530520437805,image/charheadicon/m_1135.png,456,320,
image/charheadicon/m_1142,ab/0b/0be44b8137de0a3f465cf710e1523e74.unity3d,Texture2D,m_1142,444925794230777082,image/charheadicon/m_1142.png,456,320,
image/charheadicon/m_1144,ab/3b/3b26acc23d593a97489d3ce37c938d4b.unity3d,Texture2D,m_1144,-7427982565491480951,image/charheadicon/m_1144.png,456,320,
image/charheadicon/m_1148,ab/3c/3ca4d0670368764a9d06d133a35fa333.unity3d,Texture2D,m_1148,-5859814878562568151,image/charheadicon/m_1148.png,456,320,
image/charheadicon/m_1166,ab/f1/f162f1a0a0f2f1c9ee0914bdfd6bbcef.unity3d,Texture2D,m_1166,2820919799489155390,image/charheadicon/m_1166.png,456,320,
image/charheadicon/m_1171,ab/bd/bd4b4153bf003dc7a97d3e4df1c807c8.unity3d,Texture2D,m_1171,-4285991531750748532,image/charheadicon/m_1171.png,456,320,
image/charheadicon/m_1174,ab/3b/3bc2ef47346e9c77a26efd310ac87009.unity3d,Texture2D,m_1174,8295091439295422849,image/charheadicon/m_1174.png,456,320,
image/charheadicon/m_1175,ab/c5/c57dc3d7a777ef64f15c3594051b7274.unity3d,Texture2D,m_1175,2060107933347436083,image/charheadicon/m_1175.png,456,320,
image/charheadicon/m_1186,ab/58/58b7aa9d0998dd94e4aa8264b8a43f70.unity3d,Texture2D,m_1186,2758047309886191904,image/charheadicon/m_1186.png,456,320,
image/charheadicon/m_1190,ab/1d/1d0ff970f22085007b8666360cba1cfb.unity3d,Texture2D,m_1190,-5435557404323185145,image/charheadicon/m_1190.png,456,320,
image/charheadicon/m_1191,ab/f1/f1d3fffa63ff4ed7fc749f6f9753be68.unity3d,Texture2D,m_1191,-3009265159397030746,image/charheadicon/m_1191.png,456,320,
image/charheadicon/m_1193,ab/c1/c16a5b47d282d8b6b05b2a4fce365f67.unity3d,Texture2D,m_1193,-432511410659520783,image/charheadicon/m_1193.png,456,320,
image/charheadicon/m_1199,ab/f5/f584ead8444b8d3a2273bbb091d15487.unity3d,Texture2D,m_1199,8714749952555724694,image/charheadicon/m_1199.png,456,320,
image/charheadicon/m_1202,ab/d2/d236a53dbd53e0654d486bd5db20457d.unity3d,Texture2D,m_1202,-5566630720502796862,image/charheadicon/m_1202.png,456,320,
image/charheadicon/m_1211,ab/cc/ccf0206fd5e9be0b9981ba62cba07121.unity3d,Texture2D,m_1211,5239826303185384506,image/charheadicon/m_1211.png,456,320,
image/charheadicon/m_1222,ab/58/588b0926834a3a6a8be119f0a4f27a26.unity3d,Texture2D,m_1222,-7047226301005308675,image/charheadicon/m_1222.png,456,320,
image/charheadicon/m_1223,ab/bc/bc937adc823b1a90211e8bbea794d84c.unity3d,Texture2D,m_1223,-7943580843793633694,image/charheadicon/m_1223.png,456,320,
image/charheadicon/m_1226,ab/c1/c1e33838049d68874d52b60f6424076c.unity3d,Texture2D,m_1226,5368338124809278683,image/charheadicon/m_1226.png,456,320,
image/charheadicon/m_1240,ab/42/424d5afa0e9a8269ef16eb3d1f015b32.unity3d,Texture2D,m_1240,5124725694465688359,image/charheadicon/m_1240.png,456,320,
image/charheadicon/m_1263,ab/c3/c379186ab5721619e1f3f87d21f62ea6.unity3d,Texture2D,m_1263,3520189821206269082,image/charheadicon/m_1263.png,456,320,
image/charheadicon/m_1291,ab/fd/fdbf34ed14130f470c627126a92064ee.unity3d,Texture2D,m_1291,1471480976521267807,image/charheadicon/m_1291.png,456,320,
image/charheadicon/m_1320,ab/c3/c363815e7aa2645b1635884c25424e95.unity3d,Texture2D,m_1320,-4872724545220466914,image/charheadicon/m_1320.png,456,320,
image/charheadicon/m_1328,ab/3c/3c0c56e5d041473af102bafd7b7ee1d4.unity3d,Texture2D,m_1328,340429327930518318,image/charheadicon/m_1328.png,456,320,
image/charheadicon/m_1379,ab/29/290cd6300926986b0d7ed63ea125c405.unity3d,Texture2D,m_1379,-151138113782032045,image/charheadicon/m_1379.png,456,320,
image/charheadicon/m_1394,ab/f8/f8afbfe93107436743d488b7e1f17ef6.unity3d,Texture2D,m_1394,-5027287841406696782,image/charheadicon/m_1394.png,456,320,
image/charheadicon/m_1400,ab/f1/f18fb092b50ad672042f860eb2bb1291.unity3d,Texture2D,m_1400,5456580729947028130,image/charheadicon/m_1400.png,456,320,
image/charheadicon/m_1403,ab/f0/f0ff3b3591b765be1706ff49107cf92e.unity3d,Texture2D,m_1403,193816140974307180,image/charheadicon/m_1403.png,456,320,
image/charheadicon/m_1408,ab/0b/0b65a7d16124a85d7dd90c5162b521e1.unity3d,Texture2D,m_1408,-6018136031982886394,image/charheadicon/m_1408.png,456,320,
image/charheadicon/m_1411,ab/42/42c8dcef467dc1f1d7e57ca0029558b7.unity3d,Texture2D,m_1411,2860815988634012336,image/charheadicon/m_1411.png,456,320,
image/charheadicon/m_1435,ab/43/43efa7f6a556e8af6e83c36b588e51e1.unity3d,Texture2D,m_1435,-2208488188885349862,image/charheadicon/m_1435.png,456,320,
image/charheadicon/m_1447,ab/e9/e950264519c93279b914b6f87c570d8b.unity3d,Texture2D,m_1447,5425888020294541108,image/charheadicon/m_1447.png,456,320,
image/charheadicon/m_1450,ab/c9/c9ee9e95ca42ca56513613aaaf19e2f5.unity3d,Texture2D,m_1450,-1820992351196272498,image/charheadicon/m_1450.png,456,320,
image/charheadicon/m_1480,ab/c1/c1f15c5bd0d9ebcaa32a0f4c6d1abaaf.unity3d,Texture2D,m_1480,4774910314434368669,image/charheadicon/m_1480.png,456,320,
image/charheadicon/m_1486,ab/e3/e3fc9c8a9c817e2eb928ebb0969afcda.unity3d,Texture2D,m_1486,-4203081046598194334,image/charheadicon/m_1486.png,456,320,
image/charheadicon/m_1489,ab/70/701371823c57ce1b69a1996e1edddc44.unity3d,Texture2D,m_1489,-8568687330780256130,image/charheadicon/m_1489.png,456,320,
image/charheadicon/m_1499,ab/f5/f5dd36de6b3ca311171f6ecfc7f6ea40.unity3d,Texture2D,m_1499,-46536265055337793,image/charheadicon/m_1499.png,456,320,
image/charheadicon/m_1502,ab/f8/f80ff142bbc3dd29789580f5b27437b3.unity3d,Texture2D,m_1502,2428122401224946392,image/charheadicon/m_1502.png,456,320,
image/charheadicon/m_1521,ab/69/691127d86b002f6bcea6a0b3c0661f64.unity3d,Texture2D,m_1521,7722074973248029892,image/charheadicon/m_1521.png,456,320,
image/charheadicon/m_1559,ab/67/67907be858961d667b5b950ac81ec0c6.unity3d,Texture2D,m_1559,8526106500481649803,image/charheadicon/m_1559.png,456,320,
image/trackthumbnail/abyss_i03_icon,ab/fc/fc9ddea539de05a170070a136971b6c7.unity3d,Texture2D,abyss_i03_icon,3375253551073859874,image/trackthumbnail/abyss_i03_icon.png,236,236,
image/trackthumbnail/abyss_r02_icon,ab/55/5588f5df2c3c1506faa93f9e2c46f06d.unity3d,Texture2D,abyss_r02_icon,-13937536565177999,image/trackthumbnail/abyss_r02_icon.png,236,236,
image/trackthumbnail/beach_i01_icon,ab/50/500316c8c0575ead2ea162495173e673.unity3d,Texture2D,beach_i01_icon,-4240062788101733336,image/trackthumbnail/beach_i01_icon.png,236,236,
image/trackthumbnail/beach_i01_icon1,ab/cd/cd55fc7eb3c82b0dee944ccb79ad64c5.unity3d,Texture2D,beach_i01_icon1,-7630178604729168449,image/trackthumbnail/beach_i01_icon1.png,236,236,
image/trackthumbnail/beach_r01_icon,ab/22/2232a9d1df5ffd03f773938993e56e36.unity3d,Texture2D,beach_r01_icon,-6161636504743395357,image/trackthumbnail/beach_r01_icon.png,236,236,
image/trackthumbnail/beach_r02_icon,ab/19/19e04f49a9d022c51dcebee601dbb3d5.unity3d,Texture2D,beach_r02_icon,3311956628240284053,image/trackthumbnail/beach_r02_icon.png,236,236,
image/trackthumbnail/camelot_r02_icon,ab/cc/cc0751021ecbc83c534fbe3701331ca3.unity3d,Texture2D,camelot_r02_icon,5539402115551773145,image/trackthumbnail/camelot_r02_icon.png,236,236,
image/trackthumbnail/castle_r01_icon1,ab/c3/c310c5a6921d09585bd73ef3fb6182dd.unity3d,Texture2D,castle_r01_icon1,-2138621564339583061,image/trackthumbnail/castle_r01_icon1.png,236,236,
image/trackthumbnail/castle_r01_icon3,ab/49/49116ab3cf0c041b40da1b7eda6005ef.unity3d,Texture2D,castle_r01_icon3,631742083540048270,image/trackthumbnail/castle_r01_icon3.png,236,236,
image/trackthumbnail/china_i01_icon,ab/50/50acb797d85efff0526450f7897b9408.unity3d,Texture2D,china_i01_icon,4447024714331802704,image/trackthumbnail/china_i01_icon.png,236,236,
image/trackthumbnail/china_i05_icon,ab/f7/f77655db0fb84c4ddd0f63ca7075721d.unity3d,Texture2D,china_i05_icon,4617978837097314702,image/trackthumbnail/china_i05_icon.png,236,236,
image/trackthumbnail/china_i07_icon,ab/e4/e47cc9f7f65ca913392e065e6aacaab2.unity3d,Texture2D,china_i07_icon,-238918719663216672,image/trackthumbnail/china_i07_icon.png,236,236,
image/trackthumbnail/china_r01_icon,ab/b5/b55422e60c91b544eca9bbe22cd549d2.unity3d,Texture2D,china_r01_icon,-3748592261629514568,image/trackthumbnail/china_r01_icon.png,236,236,
image/trackthumbnail/china_r01_icon2,ab/cf/cf7948263bef9aa32e121da8e59882ab.unity3d,Texture2D,china_r01_icon2,923320632437637313,image/trackthumbnail/china_r01_icon2.png,236,236,
image/trackthumbnail/china_r02_icon1,ab/50/50e99d11599c42ff962c7da16f5b8b7e.unity3d,Texture2D,china_r02_icon1,2624387642158785813,image/trackthumbnail/china_r02_icon1.png,236,236,
image/trackthumbnail/china_r02_icon3,ab/22/22788365c5aa6788826f65025de39c73.unity3d,Texture2D,china_r02_icon3,5296418231617556793,image/trackthumbnail/china_r02_icon3.png,236,236,
image/trackthumbnail/china_r05_icon1,ab/00/007e6e0908ece4a1f668c709e5a16fd1.unity3d,Texture2D,china_r05_icon1,-9095548103742044413,image/trackthumbnail/china_r05_icon1.png,236,236,
image/trackthumbnail/china_r08_icon3,ab/29/29936bbf4b3f243db2b59dadf5865fbf.unity3d,Texture2D,china_r08_icon3,-280104529385719504,image/trackthumbnail/china_r08_icon3.png,236,236,
image/trackthumbnail/desert_i02_icon,ab/23/23b8494f0aab0836772a6d35a218297b.unity3d,Texture2D,desert_i02_icon,-4559451449957014907,image/trackthumbnail/desert_i02_icon.png,236,236,
image/trackthumbnail/desert_i03_icon,ab/ee/eedb0af6a08c0873acacbeff0d9f8320.unity3d,Texture2D,desert_i03_icon,-4117553342527791846,image/trackthumbnail/desert_i03_icon.png,236,236,
image/trackthumbnail/desert_r01_icon1,ab/e0/e07bd1a3c949ed601bbf6b1daf2da1e6.unity3d,Texture2D,desert_r01_icon1,-1467770217656102451,image/trackthumbnail/desert_r01_icon1.png,236,236,
image/trackthumbnail/desert_r01_icon2,ab/32/32e8b4b96424cb5781ffcc93039fccbc.unity3d,Texture2D,desert_r01_icon2,-5375365723542052522,image/trackthumbnail/desert_r01_icon2.png,236,236,
image/trackthumbnail/factory_i03_icon,ab/be/be3bf0d9deda48489b5f5ee83e952851.unity3d,Texture2D,factory_i03_icon,6462860066641894346,image/trackthumbnail/factory_i03_icon.png,236,236,
image/trackthumbnail/factory_r01_icon,ab/53/5327b587b225a8443ffb7f2501654466.unity3d,Texture2D,factory_r01_icon,-4881505882212011562,image/trackthumbnail/factory_r01_icon.png,236,236,
image/trackthumbnail/factory_r01_icon1,ab/d1/d1eb5f96534798ae344ca475ee9f9cbf.unity3d,Texture2D,factory_r01_icon1,-7312193385735418746,image/trackthumbnail/factory_r01_icon1.png,236,236,
image/trackthumbnail/factory_r02_icon,ab/23/2306eeb14f9d009e8f55b597df2b6eb2.unity3d,Texture2D,factory_r02_icon,421532166347425743,image/trackthumbnail/factory_r02_icon.png,236,236,
image/trackthumbnail/fairy_i01_icon,ab/23/23d603c7fd02d620dc6dbadc824546a3.unity3d,Texture2D,fairy_i01_icon,-2633305313414154959,image/trackthumbnail/fairy_i01_icon.png,236,236,
image/trackthumbnail/fairy_i03_icon,ab/47/478e469e5ad5c1838fcd57d80b7e37a9.unity3d,Texture2D,fairy_i03_icon,7447367870030318887,image/trackthumbnail/fairy_i03_icon.png,236,236,
image/trackthumbnail/fairy_r01_icon,ab/42/42b0af54598ee0e6b9736a7a84596e3a.unity3d,Texture2D,fairy_r01_icon,3553311664817660281,image/trackthumbnail/fairy_r01_icon.png,236,236,
image/trackthumbnail/forest_f01_icon,ab/c7/c76d4a992094f717236186604a19c349.unity3d,Texture2D,forest_f01_icon,9061348165447730006,image/trackthumbnail/forest_f01_icon.png,236,236,
image/trackthumbnail/forest_i01_icon,ab/bc/bc2397c9501273e0e5ea696b2468e7dd.unity3d,Texture2D,forest_i01_icon,-4988576213051896696,image/trackthumbnail/forest_i01_icon.png,236,236,
image/trackthumbnail/forest_i05_icon2,ab/de/deb9696934f1410c7f1ba269c24f2496.unity3d,Texture2D,forest_i05_icon2,-2814982196144657882,image/trackthumbnail/forest_i05_icon2.png,236,236,
image/trackthumbnail/forest_r02_icon01,ab/0b/0b2882f16c5198d9da1ed639aa6646de.unity3d,Texture2D,forest_r02_icon01,-6234901580446355467,image/trackthumbnail/forest_r02_icon01.png,236,236,
image/trackthumbnail/forest_r02_icon1,ab/cb/cb59fdc902c727b00b863fb1bf62b08e.unity3d,Texture2D,forest_r02_icon1,7177814315157310029,image/trackthumbnail/forest_r02_icon1.png,236,236,
image/trackthumbnail/forest_r02_icon2,ab/49/497a7178343db7be78a1307615cc7367.unity3d,Texture2D,forest_r02_icon2,-2531051751581889554,image/trackthumbnail/forest_r02_icon2.png,236,236,
image/trackthumbnail/forest_r02_icon3,ab/0b/0b6c61f3050ac23a1fbd55a97d620752.unity3d,Texture2D,forest_r02_icon3,-1876184605337202695,image/trackthumbnail/forest_r02_icon3.png,236,236,
image/trackthumbnail/forest_r04_icon1,ab/af/af3ea6551de79bf5f8c71d58de1d1112.unity3d,Texture2D,forest_r04_icon1,-7610991412554151081,image/trackthumbnail/forest_r04_icon1.png,236,236,
image/trackthumbnail/forest_r04_icon2,ab/f3/f315ada0aee2c2be7766e8d94e058f72.unity3d,Texture2D,forest_r04_icon2,-5204664613071433264,image/trackthumbnail/forest_r04_icon2.png,236,236,
image/trackthumbnail/forest_r06_icon,ab/26/26eddec73b7b838f84ccefda9292d82d.unity3d,Texture2D,forest_r06_icon,964107280722066547,image/trackthumbnail/forest_r06_icon.png,236,236,
image/trackthumbnail/god_i02_icon,ab/af/af8ece913c28fc90040b73093a39ea64.unity3d,Texture2D,god_i02_icon,-8996964394562601938,image/trackthumbnail/god_i02_icon.png,236,236,
image/trackthumbnail/god_r02_icon,ab/0c/0ce39561db29f80d74654a4cfab315a9.unity3d,Texture2D,god_r02_icon,8768578648997078866,image/trackthumbnail/god_r02_icon.png,236,236,
image/trackthumbnail/gold_i01_icon,ab/ca/ca129dca1eb67982b6c186a108632b5e.unity3d,Texture2D,gold_i01_icon,4276163097553742993,image/trackthumbnail/gold_i01_icon.png,236,236,
image/trackthumbnail/gold_i02_icon,ab/0e/0ea70225536c84764e7587afdff0dd8f.unity3d,Texture2D,gold_i02_icon,-7604396583885475965,image/trackthumbnail/gold_i02_icon.png,256,256,
image/trackthumbnail/gold_i05_icon,ab/eb/eb1648a869aa9c907267d2a959031af5.unity3d,Texture2D,gold_i05_icon,5967652613688262226,image/trackthumbnail/gold_i05_icon.png,256,256,
image/trackthumbnail/gold_r01_icon,ab/51/51a022442f21df171722ee91110f155a.unity3d,Texture2D,gold_r01_icon,3474128549728946756,image/trackthumbnail/gold_r01_icon.png,256,256,
image/trackthumbnail/gold_r02_icon3,ab/d2/d29cf71d72ed1e8f38db56f3b5fd2aef.unity3d,Texture2D,gold_r02_icon3,-3972329472203931931,image/trackthumbnail/gold_r02_icon3.png,236,236,
image/trackthumbnail/ice_f01_icon,ab/66/66c253d3b77c2fcd0b2f274cd8b366a7.unity3d,Texture2D,ice_f01_icon,2044932217635874752,image/trackthumbnail/ice_f01_icon.png,236,236,
image/trackthumbnail/ice_i01_icon,ab/03/03c00f60e5643c059530714cc3cf4033.unity3d,Texture2D,ice_i01_icon,1248925048681916091,image/trackthumbnail/ice_i01_icon.png,236,236,
image/trackthumbnail/ice_i02_icon,ab/19/1966243e273a935d356cfc1abb7a221a.unity3d,Texture2D,ice_i02_icon,4467352809856658657,image/trackthumbnail/ice_i02_icon.png,236,236,
image/trackthumbnail/ice_r01_icon3,ab/3b/3b9f43db3530eb20b92662db53afa1c5.unity3d,Texture2D,ice_r01_icon3,-3946511470775087606,image/trackthumbnail/ice_r01_icon3.png,236,236,
image/trackthumbnail/ice_r03_icon,ab/0c/0c7b215838d38a6d6929bd853cd58b5a.unity3d,Texture2D,ice_r03_icon,-2820495815111301606,image/trackthumbnail/ice_r03_icon.png,236,236,
image/trackthumbnail/jurassic_i01_icon,ab/be/be62de10faa89f0e6e40e929f730c8ce.unity3d,Texture2D,jurassic_i01_icon,-8921588151777900551,image/trackthumbnail/jurassic_i01_icon.png,236,236,
image/trackthumbnail/jurassic_i02_icon,ab/fd/fd809023c4c1349aed8f1c0294598a6b.unity3d,Texture2D,jurassic_i02_icon,7942591343528775920,image/trackthumbnail/jurassic_i02_icon.png,236,236,
image/trackthumbnail/jurassic_r03_icon,ab/55/5517a0013c575663d21fcf304d154a99.unity3d,Texture2D,jurassic_r03_icon,-1696236406613742813,image/trackthumbnail/jurassic_r03_icon.png,236,236,
image/trackthumbnail/map_quanbu,ab/b3/b30907f7eeafc30aef5a0182b5133877.unity3d,Texture2D,map_quanbu,-2733348569454473807,image/trackthumbnail/map_quanbu.png,68,44,
image/trackthumbnail/mechanic_k01_icon,ab/c7/c70c6b326a234b632ff64f8f34a2c94a.unity3d,Texture2D,mechanic_k01_icon,3096693559771292060,image/trackthumbnail/mechanic_k01_icon.png,236,236,
image/trackthumbnail/mechanic_r01_icon2,ab/b6/b61b429798e7ae747f45917002e2d00e.unity3d,Texture2D,mechanic_r01_icon2,-3508844581055654345,image/trackthumbnail/mechanic_r01_icon2.png,236,236,
image/trackthumbnail/mine_i03_icon,ab/b3/b368e3bd92ffdda98d7a1db42fa87e84.unity3d,Texture2D,mine_i03_icon,-4195591132496931979,image/trackthumbnail/mine_i03_icon.png,236,236,
image/trackthumbnail/mine_r01_icon,ab/cc/cc96a72d7ba721db4a43d893c5aefb7e.unity3d,Texture2D,mine_r01_icon,-1698463702523495430,image/trackthumbnail/mine_r01_icon.png,236,236,
image/trackthumbnail/mine_r03_icon,ab/58/5851fd331d79ec2cba930db18f397305.unity3d,Texture2D,mine_r03_icon,-9201376751803968737,image/trackthumbnail/mine_r03_icon.png,236,236,
image/trackthumbnail/moonhill_i03_icon,ab/17/176092c754bee556b6b2f2d3f50ac493.unity3d,Texture2D,moonhill_i03_icon,-4003099376756660478,image/trackthumbnail/moonhill_i03_icon.png,236,236,
image/trackthumbnail/moonhill_i04_icon,ab/eb/ebc001faaf7d9c24a354144804e4d5a7.unity3d,Texture2D,moonhill_i04_icon,-6549017209260044077,image/trackthumbnail/moonhill_i04_icon.png,236,236,
image/trackthumbnail/moonhill_r02_icon,ab/cf/cfae87c7d2f41ac13a23290b528f7f47.unity3d,Texture2D,moonhill_r02_icon,-2159378897938008271,image/trackthumbnail/moonhill_r02_icon.png,236,236,
image/trackthumbnail/moonhill_r04_icon,ab/32/32f6491fd0413cb39a206f9656e674f3.unity3d,Texture2D,moonhill_r04_icon,4330245379195142646,image/trackthumbnail/moonhill_r04_icon.png,236,236,
image/trackthumbnail/nemo_r01_icon,ab/41/41a857ab44080ad7ccca1e6441165619.unity3d,Texture2D,nemo_r01_icon,4695031627849808089,image/trackthumbnail/nemo_r01_icon.png,236,236,
image/trackthumbnail/nemo_r01_icon2,ab/fd/fdce24c4b27ebaf8f5353a9de32d7b11.unity3d,Texture2D,nemo_r01_icon2,436442683380195004,image/trackthumbnail/nemo_r01_icon2.png,236,236,
image/trackthumbnail/nemo_r02_icon,ab/e9/e9c8d0b15aaf173717c816631bef5a77.unity3d,Texture2D,nemo_r02_icon,-4476693269779436318,image/trackthumbnail/nemo_r02_icon.png,236,236,
image/trackthumbnail/northeu_i08_icon,ab/b8/b82302eb9a4b499c4e693330fa54e05b.unity3d,Texture2D,northeu_i08_icon,-884106997916333228,image/trackthumbnail/northeu_i08_icon.png,236,236,
image/trackthumbnail/northeu_r01_icon4,ab/16/16aa44d33914c739149ddcb60973c785.unity3d,Texture2D,northeu_r01_icon4,4277987984816196426,image/trackthumbnail/northeu_r01_icon4.png,236,236,
image/trackthumbnail/northeu_r01_icon5,ab/ec/ece39b9130ab87400cdfac27d391d5f9.unity3d,Texture2D,northeu_r01_icon5,-1550234632721995882,image/trackthumbnail/northeu_r01_icon5.png,236,236,
image/trackthumbnail/northeu_r02_icon,ab/b0/b08c76c798b7a5b523a47f58e7280c5d.unity3d,Texture2D,northeu_r02_icon,5748864910478905607,image/trackthumbnail/northeu_r02_icon.png,256,256,
image/trackthumbnail/northeu_r03_icon,ab/46/46e21cc69afd5aed3a066338914fa03c.unity3d,Texture2D,northeu_r03_icon,8981846388143498135,image/trackthumbnail/northeu_r03_icon.png,236,236,
image/trackthumbnail/nymph_i02_icon,ab/c9/c90e70117e5ec0f1abf51026e92b13d9.unity3d,Texture2D,nymph_i02_icon,3998673670457866298,image/trackthumbnail/nymph_i02_icon.png,236,236,
image/trackthumbnail/park_happy_icon,ab/1d/1d7111f8bcb90fe2df97c6d95a48eee1.unity3d,Texture2D,park_happy_icon,2532247976284521672,image/trackthumbnail/park_happy_icon.png,236,236,
image/trackthumbnail/park_r01_icon,ab/31/315ad61238df8a71a372a0f5844e43b5.unity3d,Texture2D,park_r01_icon,4887460579065406815,image/trackthumbnail/park_r01_icon.png,236,236,
image/trackthumbnail/pirate_i01_icon,ab/c1/c1b111200e29617503b4460ebbf2da46.unity3d,Texture2D,pirate_i01_icon,-9094035465504654084,image/trackthumbnail/pirate_i01_icon.png,236,236,
image/trackthumbnail/pirate_i04_icon,ab/03/033fb742195a65789dac4c350f37f899.unity3d,Texture2D,pirate_i04_icon,-5007881944255374773,image/trackthumbnail/pirate_i04_icon.png,236,236,
image/trackthumbnail/pirate_r01_icon,ab/b0/b0815e3c8c136e0d150798ac1d7d1157.unity3d,Texture2D,pirate_r01_icon,-5201284046556768072,image/trackthumbnail/pirate_r01_icon.png,236,236,
image/trackthumbnail/pirate_r01_icon1,ab/0e/0e71dd976eb884defc7447e04dbfc713.unity3d,Texture2D,pirate_r01_icon1,714079372833123557,image/trackthumbnail/pirate_r01_icon1.png,236,236,
image/trackthumbnail/pirate_r02_icon2,ab/e0/e0f907593d5347f245c5abcd7891fa0e.unity3d,Texture2D,Pirate_r02_icon2,4409766963762922896,image/trackthumbnail/pirate_r02_icon2.png,236,236,
image/trackthumbnail/pirate_r03_icon,ab/b5/b53d56c93c3dd8a089ad6c3fe803e3b2.unity3d,Texture2D,pirate_r03_icon,-3080600787585579784,image/trackthumbnail/pirate_r03_icon.png,236,236,
image/trackthumbnail/pirate_r03_icon1,ab/b6/b6cb3bee554d50a34a37ba3f320f310a.unity3d,Texture2D,pirate_r03_icon1,2806294274661006641,image/trackthumbnail/pirate_r03_icon1.png,236,236,
image/trackthumbnail/pirate_r03_icon3,ab/c1/c1961df8acb2a845bb3af43d7f10cb0e.unity3d,Texture2D,pirate_r03_icon3,2221563003996992915,image/trackthumbnail/pirate_r03_icon3.png,236,236,
image/trackthumbnail/scene_0004_icon,ab/28/282ae68e93b1d724177e122b5aefd559.unity3d,Texture2D,scene_0004_icon,7523396373294838104,image/trackthumbnail/scene_0004_icon.png,236,236,
image/trackthumbnail/sword_i01_icon,ab/f8/f8c7212f82d4eb7eda20d2b1975a4c9f.unity3d,Texture2D,sword_i01_icon,4869322318001779019,image/trackthumbnail/sword_i01_icon.png,236,236,
image/trackthumbnail/sword_i02_icon,ab/40/409dfbeb9320847514f10703ca5fa384.unity3d,Texture2D,sword_i02_icon,-7599199529122930045,image/trackthumbnail/sword_i02_icon.png,236,236,
image/trackthumbnail/sword_r01_icon,ab/0a/0aed38c4f726e7e21883f3ed20af6aba.unity3d,Texture2D,sword_r01_icon,7506540565605634135,image/trackthumbnail/sword_r01_icon.png,236,236,
image/trackthumbnail/tomb_i01_icon,ab/0b/0bfab085945a182e25b27da0b5f349f3.unity3d,Texture2D,tomb_i01_icon,-7169656354385853942,image/trackthumbnail/tomb_i01_icon.png,236,236,
image/trackthumbnail/tomb_i01_icon01,ab/cb/cb8143380058fdb478400935958406aa.unity3d,Texture2D,tomb_i01_icon01,-7933667189581981253,image/trackthumbnail/tomb_i01_icon01.png,236,236,
image/trackthumbnail/tomb_i03_icon,ab/cb/cbb6de8599b1ef0e2117795c0107c4b2.unity3d,Texture2D,tomb_i03_icon,3926777846888940941,image/trackthumbnail/tomb_i03_icon.png,236,236,
image/trackthumbnail/tomb_r02_icon,ab/d1/d1c1cedb0137a2d0d54dbfcbb29bdc55.unity3d,Texture2D,tomb_r02_icon,-8035137080478870831,image/trackthumbnail/tomb_r02_icon.png,236,236,
image/trackthumbnail/tomb_r02_icon2,ab/0c/0cb9c8cfb84dc9abbe8478e82b2831cf.unity3d,Texture2D,tomb_r02_icon2,-4103922228629670188,image/trackthumbnail/tomb_r02_icon2.png,236,236,
image/trackthumbnail/tomb_r03_icon,ab/d8/d8a41462f341078aeb16cd0f4b2a342a.unity3d,Texture2D,tomb_r03_icon,4680425749173307539,image/trackthumbnail/tomb_r03_icon.png,236,236,
image/trackthumbnail/village_i01_icon,ab/69/6956fa00d3b8a30afef4aa9b7b1ddef9.unity3d,Texture2D,village_i01_icon,-6384531092693590953,image/trackthumbnail/village_i01_icon.png,236,236,
image/trackthumbnail/village_l03_03_icon,ab/43/439684d4004d6ca2d7c65668fc96d33c.unity3d,Texture2D,village_l03_03_icon,-2432018053744511404,image/trackthumbnail/village_l03_03_icon.png,236,236,
image/trackthumbnail/village_l04_03_icon,ab/04/04595e3e73bec4173b8e678855d9b97e.unity3d,Texture2D,village_l04_03_icon,6056646766854653607,image/trackthumbnail/village_l04_03_icon.png,236,236,
image/trackthumbnail/village_l04_05_icon,ab/18/18b106bac7ec2ebc08a41405df2c8a9c.unity3d,Texture2D,village_l04_05_icon,-42342270736288152,image/trackthumbnail/village_l04_05_icon.png,236,236,
image/trackthumbnail/village_r01_icon01,ab/ca/ca6b46e722c177f8602e52b537fe8b14.unity3d,Texture2D,village_r01_icon01,2380978286046219283,image/trackthumbnail/village_r01_icon01.png,236,236,
image/trackthumbnail/village_r03_icon,ab/69/690ef8f8ff3daff0ae008514bcaa1a70.unity3d,Texture2D,village_r03_icon,-584589984875229055,image/trackthumbnail/village_r03_icon.png,236,236,
image/trackthumbnail/village_r05_icon,ab/d2/d2cf9eaefd78d81f64b06361d82abfef.unity3d,Texture2D,village_r05_icon,7437965671760040213,image/trackthumbnail/village_r05_icon.png,236,236,
image/trackthumbnail/village_r05_icon1,ab/b6/b6a30120c1085a38e6302e17a101b29c.unity3d,Texture2D,village_r05_icon1,5020167986816462288,image/trackthumbnail/village_r05_icon1.png,236,236,
image/trackthumbnail/village_r05_icon2,ab/65/65ab75e1d5267a0771584b3ae556a002.unity3d,Texture2D,village_r05_icon2,-1203416910710570256,image/trackthumbnail/village_r05_icon2.png,236,236,
image/trackthumbnail/village_r05_icon3,ab/c5/c541163c7f23bbe2a8cda523281ebec8.unity3d,Texture2D,village_r05_icon3,6249493554215549154,image/trackthumbnail/village_r05_icon3.png,236,236,
image/trackthumbnail/village_r07_icon,ab/31/31bbc357520cafa5ea062472697d5836.unity3d,Texture2D,village_r07_icon,-2661710068486834372,image/trackthumbnail/village_r07_icon.png,236,236,
image/trackthumbnail/village_utrack_r01_bn,ab/50/5026ba508415bdcae9c21df40ecdd48c.unity3d,Texture2D,village_utrack_r01_bn,-7401089177368312274,image/trackthumbnail/village_utrack_r01_bn.png,236,236,
image/trackthumbnail/wkc_r01_icon1,ab/b8/b82a69673866c18f0994f53987d4253a.unity3d,Texture2D,wkc_r01_icon1,8263915487280413721,image/trackthumbnail/wkc_r01_icon1.png,236,236,
image/trackthumbnail/wkc_r01_icon2,ab/19/190c1ab004568acca8c96616c43d172b.unity3d,Texture2D,wkc_r01_icon2,4692610460400468303,image/trackthumbnail/wkc_r01_icon2.png,236,236,
image/trackthumbnail/wkc_r01_icon3,ab/22/2265d4243086af5a2a71eec6ea9eb199.unity3d,Texture2D,wkc_r01_icon3,-2554249301021485809,image/trackthumbnail/wkc_r01_icon3.png,236,236,
image/trackthumbnail/wkc_r03_icon,ab/53/53f5bae0a9603c6e6311c343bb6ae59e.unity3d,Texture2D,wkc_r03_icon,7425428717931497891,image/trackthumbnail/wkc_r03_icon.png,236,236,
image/trackthumbnail/world_i01_icon3,ab/0a/0a498303f0fdfcae1b69347c3e036e11.unity3d,Texture2D,world_i01_icon3,5862626792042134744,image/trackthumbnail/world_i01_icon3.png,236,236,
image/trackthumbnail/world_i02_icon,ab/0e/0e6d83545dbfba1f50e4dc97dff399eb.unity3d,Texture2D,world_i02_icon,4406798668522424565,image/trackthumbnail/world_i02_icon.png,236,236,
image/trackthumbnail/world_i02_icon1,ab/41/4198470f2273c3d7fb0fef686185f317.unity3d,Texture2D,world_i02_icon1,-5223542370246803556,image/trackthumbnail/world_i02_icon1.png,236,236,
image/trackthumbnail/world_i05_icon,ab/03/03fd0213ecf02f1a6c8596127e440935.unity3d,Texture2D,world_i05_icon,7967063726553611563,image/trackthumbnail/world_i05_icon.png,236,236,
image/trackthumbnail/world_r10_icon1,ab/43/4325d5aef4a810e5e2f133acd935433b.unity3d,Texture2D,world_r10_icon1,-4616551028620084356,image/trackthumbnail/world_r10_icon1.png,236,236,
image/trackthumbnail/world_r10_icon3,ab/f5/f55bb803ef892162de2278e15e23ab27.unity3d,Texture2D,world_r10_icon3,1392941267833046773,image/trackthumbnail/world_r10_icon3.png,236,236,
image/theme/bg/abyss_i01_loading,ab/e0/e0d30b2a053368aa38be18f49aae8667.unity3d,Texture2D,abyss_i01_loading,2112717614220080713,image/theme/bg/abyss_i01_loading.png,1136,860,
image/theme/bg/abyss_r02_loading,ab/40/402c32e1c90340ddd3a0fb20fe139199.unity3d,Texture2D,abyss_r02_loading,-3276687789124728133,image/theme/bg/abyss_r02_loading.png,1136,860,
image/theme/bg/battlecourcepeach_loading,ab/50/5070a49d68bd78c5d1cb059e1a3c35da.unity3d,Texture2D,battleCourcePeach_loading,7143138907507672838,image/theme/bg/battlecourcepeach_loading.png,1136,860,
image/theme/bg/beach_i01_loading,ab/f0/f05203c0491b9e353fa31c9a9dda1746.unity3d,Texture2D,beach_i01_loading,-866808125287796453,image/theme/bg/beach_i01_loading.png,1136,860,
image/theme/bg/brodi_i01_loading,ab/be/be04881741b0796e96b1adedb380c082.unity3d,Texture2D,brodi_i01_loading,3193886843565694441,image/theme/bg/brodi_i01_loading.png,1136,860,
image/theme/bg/camelot_r02_loading,ab/c1/c14417b56a943181a414ca1c5db6856f.unity3d,Texture2D,camelot_r02_loading,-7816224142155560836,image/theme/bg/camelot_r02_loading.png,1136,860,
image/theme/bg/castle_i02_loading,ab/d5/d56ce58e48952d3aa43efb85059150e1.unity3d,Texture2D,castle_i02_loading,1354181356341348541,image/theme/bg/castle_i02_loading.png,1136,860,
image/theme/bg/castle_i03_loading,ab/17/17fe2b88f24492fa153f080acbcde210.unity3d,Texture2D,castle_i03_loading,1815789434131083624,image/theme/bg/castle_i03_loading.png,1136,860,
image/theme/bg/castle_i04_loading,ab/c8/c8615b0491f88d225dace38433544b56.unity3d,Texture2D,castle_i04_loading,-2645165592554954372,image/theme/bg/castle_i04_loading.png,1136,860,
image/theme/bg/castle_i05_loading,ab/b0/b017ccd1955b3fa275f3af7425ca9fc3.unity3d,Texture2D,castle_i05_loading,-1435130641894769049,image/theme/bg/castle_i05_loading.png,1136,860,
image/theme/bg/castle_r01_loading,ab/53/53c9245ecad827428b240c70753a712d.unity3d,Texture2D,castle_r01_loading,-6881735136271643689,image/theme/bg/castle_r01_loading.png,1136,860,
image/theme/bg/china_i01_loading,ab/c9/c995dea98e6577da20ec4299c652ca20.unity3d,Texture2D,china_i01_loading,-8290255180860481070,image/theme/bg/china_i01_loading.png,1136,860,
image/theme/bg/china_i07_loading,ab/e5/e51133b05b719bcdb313d062b130d53b.unity3d,Texture2D,china_i07_loading,6877832098460872817,image/theme/bg/china_i07_loading.png,1136,860,
image/theme/bg/china_r04_loading,ab/47/473fcf4992f87d2ca98f28beac0fad7f.unity3d,Texture2D,china_r04_loading,1177018503537886946,image/theme/bg/china_r04_loading.png,1136,860,
image/theme/bg/china_r07_loading,ab/f1/f1d0e32c5699d93e06648fcffb324455.unity3d,Texture2D,china_r07_loading,-4012070376110336426,image/theme/bg/china_r07_loading.png,1136,860,
image/theme/bg/china_r08_loading,ab/c6/c6b12a4f915af2488c5943d202ebfe58.unity3d,Texture2D,china_r08_loading,-2573158061951212886,image/theme/bg/china_r08_loading.png,1136,860,
image/theme/bg/china_r09_loading,ab/d8/d8ec6d7bb1c793c042c4f19cac3b400a.unity3d,Texture2D,china_r09_loading,-1258891820720601489,image/theme/bg/china_r09_loading.png,1136,860,
image/theme/bg/crazypark_01_loading,ab/c0/c0c3a43e13a412fd51c5ebe304d7bb38.unity3d,Texture2D,crazypark_01_loading,-202700384533814591,image/theme/bg/crazypark_01_loading.png,1136,860,
image/theme/bg/desert_i01_loading,ab/cd/cd18f00d55e3237953d8164d06f007ff.unity3d,Texture2D,desert_i01_loading,2500146004941575151,image/theme/bg/desert_i01_loading.png,1136,860,
image/theme/bg/desert_i03_loading,ab/70/70419761d7be85b07847b82a6a7f04bc.unity3d,Texture2D,desert_i03_loading,-1564516969332171862,image/theme/bg/desert_i03_loading.png,1136,860,
image/theme/bg/desert_i04_loading,ab/0b/0ba8064b15528598d8066fc46fa7abc3.unity3d,Texture2D,desert_i04_loading,-9155246473490564139,image/theme/bg/desert_i04_loading.png,1136,860,
image/theme/bg/desert_r04_loading,ab/f5/f5005dc89ed7fb97a8210fba1697d6f8.unity3d,Texture2D,desert_r04_loading,-6815467558838786184,image/theme/bg/desert_r04_loading.png,1136,860,
image/theme/bg/dollgame_loading1,ab/26/26a638c9fe7d7171887bd5825dc193f9.unity3d,Texture2D,Dollgame_loading1,-6709473343992415592,image/theme/bg/dollgame_loading1.png,1136,860,
image/theme/bg/factory_i07_loading,ab/e9/e9ac697dd55821001f022aeeae950bf8.unity3d,Texture2D,factory_i07_loading,3276824384678432507,image/theme/bg/factory_i07_loading.png,1136,860,
image/theme/bg/fairy_r03_loading,ab/0d/0d0fad04fc232ca077a339c5f2c6f3f2.unity3d,Texture2D,fairy_r03_loading,5441097288259249184,image/theme/bg/fairy_r03_loading.png,1136,860,
image/theme/bg/forest_f01_loading,ab/1d/1db358543639de540f47584cc43427ec.unity3d,Texture2D,forest_f01_loading,7517060094196126136,image/theme/bg/forest_f01_loading.png,1136,860,
image/theme/bg/forest_i05_loading,ab/eb/ebd9de1b9e96b7f90025576a9a82e5cf.unity3d,Texture2D,forest_i05_loading,3365490128464297057,image/theme/bg/forest_i05_loading.png,1136,860,
image/theme/bg/forest_i06_loading,ab/3d/3dfc01fdfac05d8c56188a7160da63ed.unity3d,Texture2D,forest_i06_loading,2706982787644786787,image/theme/bg/forest_i06_loading.png,1136,860,
image/theme/bg/forest_i07_loading,ab/ee/eefc651222fcbc954a8c95993c526755.unity3d,Texture2D,forest_i07_loading,6556991553428457914,image/theme/bg/forest_i07_loading.png,1136,860,
image/theme/bg/forest_r02_loading,ab/bd/bd3a29f74f25395a2645aa04e092781c.unity3d,Texture2D,forest_r02_loading,-1592287798872575337,image/theme/bg/forest_r02_loading.png,1136,860,
image/theme/bg/forest_r04_loading,ab/47/47270801d958f2898699c0082d043ddf.unity3d,Texture2D,forest_r04_loading,5813197165110485734,image/theme/bg/forest_r04_loading.png,1136,860,
image/theme/bg/forest_r05_loading,ab/c1/c1dccebe24b7db4c2c6b0b30ef387bcf.unity3d,Texture2D,forest_r05_loading,-4996732761398737216,image/theme/bg/forest_r05_loading.png,1136,860,
image/theme/bg/gold_i01_loading,ab/18/18a5ff10803954d02813b070572aa1ce.unity3d,Texture2D,gold_i01_loading,3020042776424747297,image/theme/bg/gold_i01_loading.png,1136,860,
image/theme/bg/gold_i02_loading,ab/41/419a2874fb82c5dd60c6e293e145e568.unity3d,Texture2D,gold_i02_loading,4097982671621292888,image/theme/bg/gold_i02_loading.png,1136,860,
image/theme/bg/ice_f01_loading,ab/cb/cbcec768c9fff4f05f0e6bc27dd0e88e.unity3d,Texture2D,ice_f01_loading,6810315710702244088,image/theme/bg/ice_f01_loading.png,1136,860,
image/theme/bg/ice_i02_loading,ab/43/434c04ec727682ee2561e3082a58dbef.unity3d,Texture2D,ice_i02_loading,-4210580467417808588,image/theme/bg/ice_i02_loading.png,1136,860,
image/theme/bg/ice_i03_loading,ab/3c/3cc8128f0d0128d9ffb724347649c8c7.unity3d,Texture2D,ice_i03_loading,-592700204594890127,image/theme/bg/ice_i03_loading.png,1136,860,
image/theme/bg/ice_r03_loading,ab/41/410686b15fbdc6dfd1fa5bbae6ad77fc.unity3d,Texture2D,ice_r03_loading,8068912320712902550,image/theme/bg/ice_r03_loading.png,1136,860,
image/theme/bg/jiazhao02_loading,ab/49/49f059a1f70d139cdcaa0a70291e3070.unity3d,Texture2D,jiazhao02_loading,-970587992991375672,image/theme/bg/jiazhao02_loading.png,1136,860,
image/theme/bg/jiazhao04_loading,ab/16/166c98885f5de57002f3e7b0302e3552.unity3d,Texture2D,jiazhao04_loading,-806583674692034066,image/theme/bg/jiazhao04_loading.png,1136,860,
image/theme/bg/jiazhao06_loading,ab/c7/c7d4c833fdfd9e7edfea117b9edc0cef.unity3d,Texture2D,jiazhao06_loading,-3801099440853571691,image/theme/bg/jiazhao06_loading.png,1136,860,
image/theme/bg/jurassic_i02_loading,ab/eb/ebb1e2ff6582efc45370907db68f1ad5.unity3d,Texture2D,jurassic_i02_loading,-4505199288140642494,image/theme/bg/jurassic_i02_loading.png,1136,860,
image/theme/bg/jurassic_r01_loading,ab/c1/c18eeaaa4d2f23a5ee57a6a3f923a45b.unity3d,Texture2D,jurassic_r01_loading,-2890769800417742532,image/theme/bg/jurassic_r01_loading.png,1136,860,
image/theme/bg/login_bg,ab/04/04a26ae5001619824edc0a1857c68350.unity3d,Texture2D,login_bg,-6722360103968210285,image/theme/bg/login_bg.png,1136,860,
image/theme/bg/loginbg_206,ab/e0/e00b9f2e20e5eb5b3f68b0dfec30b333.unity3d,Texture2D,loginBG_206,2714560583359204081,image/theme/bg/loginbg_206.png,1136,860,
image/theme/bg/loginbg_212,ab/d8/d80291d67fd705699f6cff20ce23bf57.unity3d,Texture2D,loginBG_212,3023431097673484193,image/theme/bg/loginbg_212.png,1136,860,
image/theme/bg/loginbg_214,ab/00/00acd7e31cdc9329448f0fc7f0662c30.unity3d,Texture2D,loginBG_214,-7945717355025124429,image/theme/bg/loginbg_214.png,1136,860,
image/theme/bg/loginbg_218,ab/42/427726bda0b0ddb872b24e15b629a49b.unity3d,Texture2D,loginBG_218,5486079108047497724,image/theme/bg/loginbg_218.png,1136,860,
image/theme/bg/mechanic_k02_loading,ab/c3/c31403a73e92cb64ba1e72b1da6dd56e.unity3d,Texture2D,mechanic_k02_loading,1116352256577384662,image/theme/bg/mechanic_k02_loading.png,1136,860,
image/theme/bg/mine_i01_loading,ab/58/58b716cef01d8bfb8e0be4a3e1863c83.unity3d,Texture2D,mine_i01_loading,-5028984938097117590,image/theme/bg/mine_i01_loading.png,1136,860,
image/theme/bg/mine_r02_loading,ab/f1/f1d1afa68534add183aabb09b6fb8ddc.unity3d,Texture2D,mine_r02_loading,8125684743999859976,image/theme/bg/mine_r02_loading.png,1136,860,
image/theme/bg/minigame_bananabattle_loading,ab/69/6927c507b8bb535b7fd3bb079b54ad8d.unity3d,Texture2D,minigame_bananabattle_loading,2386690182031154476,image/theme/bg/minigame_bananabattle_loading.png,1136,860,
image/theme/bg/minigame_fivechess_loading,ab/40/4092fd98ee407e559e7d9217e9608aa3.unity3d,Texture2D,minigame_fivechess_loading,-5833474185773462059,image/theme/bg/minigame_fivechess_loading.png,1136,860,
image/theme/bg/minigame_loading,ab/f7/f7150768d9ca9270db9c31ba8510742e.unity3d,Texture2D,minigame_loading,-3165751550212320515,image/theme/bg/minigame_loading.png,1136,860,
image/theme/bg/moonhill_i03_loading,ab/16/167a2d7fcf0c269a0940d181bdce8b08.unity3d,Texture2D,moonhill_i03_loading,-929102747187681068,image/theme/bg/moonhill_i03_loading.png,1136,860,
image/theme/bg/moonhill_i04_loading,ab/fd/fd9c096fe5e2e39d5a95993ef9aeaaf5.unity3d,Texture2D,moonhill_i04_loading,-6668737040172636135,image/theme/bg/moonhill_i04_loading.png,1136,860,
image/theme/bg/moonhill_r01_loading,ab/e2/e24f600039bbb7ee3c3c4c83245d0238.unity3d,Texture2D,moonhill_r01_loading,-5990658024975062012,image/theme/bg/moonhill_r01_loading.png,1136,860,
image/theme/bg/nemo_i02_loading,ab/d2/d2a348450b6b3d03599d2aadc764ddcd.unity3d,Texture2D,nemo_i02_loading,-704275491108859432,image/theme/bg/nemo_i02_loading.png,1136,860,
image/theme/bg/nemo_r02_loading,ab/c3/c3bba897fa97aee1b739ce3c67261b33.unity3d,Texture2D,nemo_r02_loading,-5598720110640346058,image/theme/bg/nemo_r02_loading.png,1136,860,
image/theme/bg/nemo_r03_loading,ab/c5/c5a6fc56ba4551cfc7ea2893c011fcbb.unity3d,Texture2D,nemo_r03_loading,2256281610279952223,image/theme/bg/nemo_r03_loading.png,1136,860,
image/theme/bg/northeu_i01_loading,ab/3b/3b9acb821728e3001da6dd2cd4fd6b46.unity3d,Texture2D,northeu_i01_loading,8668186575799211644,image/theme/bg/northeu_i01_loading.png,1136,860,
image/theme/bg/northeu_i08_loading,ab/cf/cfe57a0ec93a014b1e3ae5b1cbbeed98.unity3d,Texture2D,northeu_i08_loading,792333497462663278,image/theme/bg/northeu_i08_loading.png,1136,860,
image/theme/bg/nymph_r01_loading,ab/cf/cff597bef3d8465e53717eb4327a04c6.unity3d,Texture2D,nymph_r01_loading,-6371032001029938010,image/theme/bg/nymph_r01_loading.png,1136,860,
image/theme/bg/pirate_r01_loading,ab/55/55ea83ac97fe1621a117195a0f5c7bb9.unity3d,Texture2D,pirate_r01_loading,4516551117005362580,image/theme/bg/pirate_r01_loading.png,1136,860,
image/theme/bg/rushpartyz05,ab/29/29fa302caaf240df83d39b8f083556c7.unity3d,Texture2D,rushpartyz05,9042816705834406806,image/theme/bg/rushpartyz05.png,1136,860,
image/theme/bg/rushpartyz06,ab/bc/bc15080ee0e54939b1f6d9e24e07c4ca.unity3d,Texture2D,rushpartyz06,2818265663277446782,image/theme/bg/rushpartyz06.png,1136,860,
image/theme/bg/rushpartyz09,ab/bd/bd4708772f22b48c00dcfee4ad12ee82.unity3d,Texture2D,rushpartyz09,7402720775726934437,image/theme/bg/rushpartyz09.png,1136,860,
image/theme/bg/rushpartyz13,ab/51/51dd5e124d3e6cd5b6b3afc0f4ac0691.unity3d,Texture2D,rushpartyz13,-7706445260483175191,image/theme/bg/rushpartyz13.png,1136,860,
image/theme/bg/shouchangguan,ab/55/55b293c9cd4fd982763e28bd0f43a1d5.unity3d,Texture2D,shouchangguan,6474359537802038701,image/theme/bg/shouchangguan.png,1136,860,
image/theme/bg/steam_i01_loading,ab/ca/ca4c73b15a0e093946bb33b1f18d7679.unity3d,Texture2D,steam_i01_loading,-5759350415544853665,image/theme/bg/steam_i01_loading.png,1136,860,
image/theme/bg/sword_r01_loading,ab/f0/f06695f10a97897aac025ea9abd8a86a.unity3d,Texture2D,sword_r01_loading,-1424478682152394593,image/theme/bg/sword_r01_loading.png,1136,860,
image/theme/bg/theme_desert_icon,ab/b3/b34011b761509383c96b9b22ae164d76.unity3d,Texture2D,theme_desert_icon,-5394133083298089858,image/theme/bg/theme_desert_icon.png,1136,860,
image/theme/bg/tomb_i01_loading,ab/0d/0d5db18dd773466fba654a2e2752e060.unity3d,Texture2D,tomb_i01_loading,-6736380503113518264,image/theme/bg/tomb_i01_loading.png,1136,860,
image/theme/bg/tomb_i04_loading,ab/ca/ca79b7ae7916917b19122775a57bf45e.unity3d,Texture2D,tomb_i04_loading,8551243950269605258,image/theme/bg/tomb_i04_loading.png,1136,860,
image/theme/bg/village_i01_loading,ab/1d/1dcdd40c22f2d52e0481d268a178ed81.unity3d,Texture2D,village_i01_loading,-5978238646440230156,image/theme/bg/village_i01_loading.png,1136,860,
image/theme/bg/village_i03_loading,ab/53/5372a40e863534ba7ea202e668730c87.unity3d,Texture2D,village_i03_loading,-4753039014061175873,image/theme/bg/village_i03_loading.png,1136,860,
image/theme/bg/village_r03_loading,ab/d5/d54194029637869f8173b8498f4ae518.unity3d,Texture2D,village_r03_loading,1270416399881434710,image/theme/bg/village_r03_loading.png,1136,860,
image/theme/bg/wkc_r01_loading,ab/28/28f16cc1f505457899168570b4c8cba4.unity3d,Texture2D,wkc_r01_loading,-5157330057081124992,image/theme/bg/wkc_r01_loading.png,1136,860,
image/theme/bg/wkc_r02_loading,ab/35/3575c4f724249a2bbf4bed4ec7bed7d8.unity3d,Texture2D,wkc_r02_loading,8791227808948284198,image/theme/bg/wkc_r02_loading.png,1136,860,
image/theme/bg/wkc_r05_loading,ab/2d/2dc071b572442348aaf412b54094d73f.unity3d,Texture2D,wkc_r05_loading,2355284621386511184,image/theme/bg/wkc_r05_loading.png,1136,860,
image/theme/bg/wkc_r07_loading,ab/17/1784f6ad792dc61363c69c9947496329.unity3d,Texture2D,wkc_r07_loading,-3323789017439893757,image/theme/bg/wkc_r07_loading.png,1136,860,
image/theme/bg/world_environment_02_loading,ab/eb/eb2935e1b2796ee98d8be5bbd46e255e.unity3d,Texture2D,world_environment_02_loading,-8384128461535984259,image/theme/bg/world_environment_02_loading.png,1136,860,
image/theme/bg/world_i01_loading,ab/ee/eed2a5f8e596ec9869755ad69ad174ca.unity3d,Texture2D,world_i01_loading,-3184613081468907300,image/theme/bg/world_i01_loading.png,1136,860,
image/theme/bg/world_i02_loading,ab/b5/b5e8ff99073f15c0dc871f40cacd21ef.unity3d,Texture2D,world_i02_loading,4447270448922529018,image/theme/bg/world_i02_loading.png,1136,860,
image/theme/bg/world_r01_loading,ab/00/002a1bdbd0c0aafe4ffad2ed7af7ed0b.unity3d,Texture2D,world_r01_loading,1970461559363282037,image/theme/bg/world_r01_loading.png,1136,860,
image/theme/bg/xiaowu_loading,ab/cb/cbf7384a010724a775772be83755c1b5.unity3d,Texture2D,xiaowu_loading,3817536137600160072,image/theme/bg/xiaowu_loading.png,1136,860,
image/theme/bg/xiaowu_loading2,ab/3b/3b045a79f522541809be575c4b99e054.unity3d,Texture2D,xiaowu_loading2,5662178271779556629,image/theme/bg/xiaowu_loading2.png,1136,860,
image/theme/bg/xiaowu_loading4,ab/0a/0ae77895db6b23e5c4f602c05e322a56.unity3d,Texture2D,xiaowu_loading4,-5660846563508067698,image/theme/bg/xiaowu_loading4.png,2048,1550,
