unity_file,path_id,type,name,width,height,texture_format,payload_size,exported_file,all_texture_file,decode_error
0000000000000000f000000000000000,1,Texture2D,UISprite,32,32,4,5460,,all_textures/0000000000000000f000000000000000_1_UISprite.png,
0000000000000000f000000000000000,2,Sprite,UISprite,,,,,images/UISprite_sprite.png,,
00df348fcda7c314389d030d4dc3c6bb,1,Texture2D,season_17,1024,1024,34,699064,,all_textures/00df348fcda7c314389d030d4dc3c6bb_1_season_17.png,
083c20b23110caf4cb8f605a4999f671,1,Texture2D,season_27,1024,1024,34,699064,images/season_27.png,all_textures/083c20b23110caf4cb8f605a4999f671_1_season_27.png,
0875c2fce3aaf1842ba84d146ff79058,1,Texture2D,season_19,1024,1024,34,699064,,all_textures/0875c2fce3aaf1842ba84d146ff79058_1_season_19.png,
08a5d724154e32046b222d43aa6f92cf,1,TextAsset,chinese,,,,5023,,,
0b828e9b32858054f95250b58406c09a,1,TextAsset,ResUpdateConfig,,,,661,,,
164ae07c6eb4e044683d344e9f66b94e,1,Texture2D,RadialJoy_Dead,512,512,47,349552,,all_textures/164ae07c6eb4e044683d344e9f66b94e_1_RadialJoy_Dead.png,
1994a81ed8022854695487fad5342005,1,Texture2D,RadialJoy_Touch,256,256,47,65536,,all_textures/1994a81ed8022854695487fad5342005_1_RadialJoy_Touch.png,
1d461b91566657d49887fb65423b224e,1,TextAsset,share_icon,,,,18402,,,
200486fea7f85024997b4c9a59b9fd5e,1,TextAsset,GMConfigProfile,,,,946,,,
220f72cfd7dd13b4a8e6cb87c4fe3b8c,1,Texture2D,prop_golden_matcap,128,128,45,10936,,all_textures/220f72cfd7dd13b4a8e6cb87c4fe3b8c_1_prop_golden_matcap.png,
22510ccfdb1b75047b22d9eafac0ad29,1,Texture2D,trans44,2,2,3,12,,all_textures/22510ccfdb1b75047b22d9eafac0ad29_1_trans44.png,
3a992399102f9ce4b8531f440cf19809,1,Texture2D,1pixel,8,4,34,40,,all_textures/3a992399102f9ce4b8531f440cf19809_1_1pixel.png,
3f75d5b21c200f5468776c8488e61b76,1,Texture2D,ScreenVideoUIAtlas,72,20,47,1440,,all_textures/3f75d5b21c200f5468776c8488e61b76_1_ScreenVideoUIAtlas.png,
42df29275f31ded429665bbbeaab0a63,1,Texture2D,eff_UI_ZJM_SCLZ,128,128,45,8192,,all_textures/42df29275f31ded429665bbbeaab0a63_1_eff_UI_ZJM_SCLZ.png,
4615e6c753541b842a38709d84a6ba66,1,Texture2D,VersionUpdateAtlas,512,248,47,126976,images/VersionUpdateAtlas.png,all_textures/4615e6c753541b842a38709d84a6ba66_1_VersionUpdateAtlas.png,
4815b473925be7c4398acdf3a86b7d4a,1,TextAsset,ResVersion_Android,,,,9,text/ResVersion_Android.txt,,
5a3554197e524c140bbf6a9d4d8f41bc,1,Texture2D,EasyButton_Icon,32,32,47,1392,,all_textures/5a3554197e524c140bbf6a9d4d8f41bc_1_EasyButton_Icon.png,
5bbbf08ababa3e84e8978320309ae113,1,Texture2D,EasyJoystick_Icon,128,128,47,21872,,all_textures/5bbbf08ababa3e84e8978320309ae113_1_EasyJoystick_Icon.png,
5d2bf4fd6f265e548bae387b8c013896,1,Texture2D,season_22,1024,1024,34,699064,,all_textures/5d2bf4fd6f265e548bae387b8c013896_1_season_22.png,
5e06eccedf268ea4190332b6a0522d05,1,Texture2D,season_13,1024,1024,34,524288,,all_textures/5e06eccedf268ea4190332b6a0522d05_1_season_13.png,
5fa4236770d4c444fb6bd325cf03af4a,1,Texture2D,season_11,1024,1024,47,1048576,,all_textures/5fa4236770d4c444fb6bd325cf03af4a_1_season_11.png,
63285bcb530c5d744bde38ea650b675a,1,Texture2D,season_14,1024,1024,34,524288,,all_textures/63285bcb530c5d744bde38ea650b675a_1_season_14.png,
6653af4d63cf341479904c6541a50e0d,1,TextAsset,ResVersion_iOS,,,,9,,,
6d7ee50bf222c374285b7fd26d20cb9b,1,Texture2D,season_16,1024,1024,34,699064,,all_textures/6d7ee50bf222c374285b7fd26d20cb9b_1_season_16.png,
6dd2acdb4d020d1439a493250ebc0c5e,1,Texture2D,headicon_pidan,100,100,45,5000,images/headicon_pidan.png,all_textures/6dd2acdb4d020d1439a493250ebc0c5e_1_headicon_pidan.png,
6ed836354e8fca749aff8e33d04a7855,1,Texture2D,prop_black_matcap,128,128,34,10936,,all_textures/6ed836354e8fca749aff8e33d04a7855_1_prop_black_matcap.png,
7834c2a419a1f5243b1a129736425557,1,TextAsset,SDKConfig,,,,778,,,
79b23e14ec3e30740af7675309806647,1,Texture2D,season_15,1024,1024,34,699064,,all_textures/79b23e14ec3e30740af7675309806647_1_season_15.png,
7bfdd4e0c0068374da5ff40313ed5678,1,Texture2D,eff_UI_LOA__HX,128,32,47,4096,,all_textures/7bfdd4e0c0068374da5ff40313ed5678_1_eff_UI_LOA__HX.png,
7dd04026b1d68a84391baffc395d84a3,1,Texture2D,season_26,1024,1024,34,699064,,all_textures/7dd04026b1d68a84391baffc395d84a3_1_season_26.png,
8373fc5b40598714c9b49e04831a2cd8,1,TextAsset,GMConfig,,,,12178,,,
892d3764b3682624382fa888b177b4ce,1,Texture2D,headicon_default,100,100,47,10000,images/headicon_default.png,all_textures/892d3764b3682624382fa888b177b4ce_1_headicon_default.png,
8968265a299b92e45910d03f8d336ffe,1,Texture2D,eff_UI_CTMS_DQGuang,64,64,45,2048,,all_textures/8968265a299b92e45910d03f8d336ffe_1_eff_UI_CTMS_DQGuang.png,
8ccf1b292771be74aa7f4a8c47808d46,1,TextAsset,SMALL_PACKAGE,,,,92,,,
8f9382953aa4737499979abf36045a20,1,TextAsset,prototxt,,,,7205,,,
913902b9b2c287844965edcc909059b2,1,Texture2D,season_10,1024,1024,34,524288,,all_textures/913902b9b2c287844965edcc909059b2_1_season_10.png,
9185c1c27878e714fbd193e098470b9f,1,TextAsset,GameVersion,,,,11,,,
a4ef5a6c30df99f40b6b4bb8b453550d,1,Texture2D,season_24,1024,1024,34,699064,,all_textures/a4ef5a6c30df99f40b6b4bb8b453550d_1_season_24.png,
a5198713cf528b445b3690204f86c19e,1,TextAsset,ResVersion_pvrtc,,,,10,,,
a81d146fc1c79a649a5ce2327a40d8d3,1,TextAsset,Localization,,,,1240,,,
ac2197f48ca71c14ab3f5ccab6d45a26,1,TextAsset,UpdateConfig,,,,2793,,,
ac61897bddaa69d44bde1b833ed99be8,1,Texture2D,season_23,1024,1024,34,699064,,all_textures/ac61897bddaa69d44bde1b833ed99be8_1_season_23.png,
ad6d05465eebcac4bb168951a5770a17,1,TextAsset,IOSCommonDeviceProfileConfig,,,,13078,,,
ae7d810a999d11a4aa78deff4f4e9d40,1,Texture2D,season_20,1024,1024,34,699064,,all_textures/ae7d810a999d11a4aa78deff4f4e9d40_1_season_20.png,
af8b5cff3228060498ed267d3bb0805e,1,TextAsset,AppUpdateConfig,,,,736,,,
b35080ef965dd7f4db9c172e398d13f3,1,Texture2D,season_18,1024,1024,34,699064,,all_textures/b35080ef965dd7f4db9c172e398d13f3_1_season_18.png,
b46146a008d89a044baa7423824aa937,1,Texture2D,tc_gonggao_bg,812,472,47,383264,images/tc_gonggao_bg.png,all_textures/b46146a008d89a044baa7423824aa937_1_tc_gonggao_bg.png,
b6ff6e94a3b536e48824a7fffea98179,1,TextAsset,tunamap.lua,,,,13,,,
b7ab516206ce30140b82a0866f29614c,1,Texture2D,eff_UI_LOA__CQ,64,64,47,4096,,all_textures/b7ab516206ce30140b82a0866f29614c_1_eff_UI_LOA__CQ.png,
baf20d24cbf370841a26ed1f4f5c9149,2,Texture2D,Font Texture,0,0,4,0,,,IsADirectoryError
baf20d24cbf370841a26ed1f4f5c9149,3,Font,FZLTZCHJT,,,,,,,
bd458566a5aae854885c4d6f378eeb8f,1,Texture2D,eff_UI_LOA__CH,64,64,47,4096,,all_textures/bd458566a5aae854885c4d6f378eeb8f_1_eff_UI_LOA__CH.png,
cf989fbbbebaef544a07850b3f97d866,1,Texture2D,CommonUI_New_Atlas,1064,1060,47,1127840,images/CommonUI_New_Atlas.png,all_textures/cf989fbbbebaef544a07850b3f97d866_1_CommonUI_New_Atlas.png,
d240c826acbb6624d8fa574fb2b9e41e,1,Texture2D,season_12,1024,1024,34,524288,,all_textures/d240c826acbb6624d8fa574fb2b9e41e_1_season_12.png,
d3686533aff0e2b4bac7a2a7faf73f7a,1,Texture2D,secondFinger,64,64,47,5488,,all_textures/d3686533aff0e2b4bac7a2a7faf73f7a_1_secondFinger.png,
d82b538ad4f1ecc4b85012e1996a12de,1,Texture2D,Button_normal,128,128,4,65536,,all_textures/d82b538ad4f1ecc4b85012e1996a12de_1_Button_normal.png,
d878c3cefe9b9e346afcb8f5de2660eb,1,TextAsset,ResCheckConfig,,,,771,,,
daf14c7c65f2bcf419498aedb4e8e7c5,1,Texture2D,season_25,1024,1024,34,699064,,all_textures/daf14c7c65f2bcf419498aedb4e8e7c5_1_season_25.png,
dfd71a03722781a4d871f01b8e1bb7e7,1,Texture2D,EasyTouch_Icon,128,128,47,21872,,all_textures/dfd71a03722781a4d871f01b8e1bb7e7_1_EasyTouch_Icon.png,
e028342d5c3435a4e81c063bad5288b5,1,TextAsset,AndroidCommonDeviceProfileConfig,,,,67424,,,
e0673e77fbd588747b716fe59f41ec8e,1,Texture2D,RadialJoy_Area,512,512,47,262144,,all_textures/e0673e77fbd588747b716fe59f41ec8e_1_RadialJoy_Area.png,
e0f1ffd20f480b940ac80fe3b804a100,1,Texture2D,default,1024,1024,47,1048576,,all_textures/e0f1ffd20f480b940ac80fe3b804a100_1_default.png,
e567f28d5d78ff14eb1ca1b0080084c9,1,Texture2D,Button_active,128,128,4,65536,,all_textures/e567f28d5d78ff14eb1ca1b0080084c9_1_Button_active.png,
ea75372869d874c4fa7bcf3edc5fb34d,1,TextAsset,luaEnv,,,,4862,,,
eec616242b82392489bcee99d9ce10c6,1,Texture2D,season_21,1024,1024,34,699064,,all_textures/eec616242b82392489bcee99d9ce10c6_1_season_21.png,
f1e884e1ee4615645a76dbf594583410,1,Texture2D,eff_UI_LOA__DD,64,64,47,4096,,all_textures/f1e884e1ee4615645a76dbf594583410_1_eff_UI_LOA__DD.png,
fd95d2a85019d19488a1a95ae47cf44d,2,Texture2D,Font Texture,0,0,4,0,,,IsADirectoryError
fd95d2a85019d19488a1a95ae47cf44d,3,Font,FZLTCH,,,,,,,
sharedassets0.assets.split0,2,Texture2D,Default-ipad,2048,1536,3,9437184,,all_textures/sharedassets0.assets_2_Default-ipad.png,
sharedassets0.assets.split0,3,Texture2D,Default,1136,1136,3,3871488,,all_textures/sharedassets0.assets_3_Default.png,
sharedassets2.assets.split0,94,Texture2D,m_0010_normal 1,256,256,45,32768,,all_textures/sharedassets2.assets_94_m_0010_normal_1.png,
sharedassets2.assets.split0,95,Texture2D,eff_point_018,128,128,47,21872,,all_textures/sharedassets2.assets_95_eff_point_018.png,
sharedassets2.assets.split0,96,Texture2D,f_0005_grey,256,256,45,32768,,all_textures/sharedassets2.assets_96_f_0005_grey.png,
sharedassets2.assets.split0,97,Texture2D,f_0005_head,256,256,47,65536,,all_textures/sharedassets2.assets_97_f_0005_head.png,
sharedassets2.assets.split0,98,Texture2D,m_0007_1_s,512,512,45,131072,,all_textures/sharedassets2.assets_98_m_0007_1_s.png,
sharedassets2.assets.split0,99,Texture2D,New_Graph_Shadow 1,512,512,45,131072,,all_textures/sharedassets2.assets_99_New_Graph_Shadow_1.png,
sharedassets2.assets.split0,100,Texture2D,m_0010_s 1,256,256,45,32768,,all_textures/sharedassets2.assets_100_m_0010_s_1.png,
sharedassets2.assets.split0,101,Texture2D,eff_mask_001_8,128,128,45,10936,,all_textures/sharedassets2.assets_101_eff_mask_001_8.png,
sharedassets2.assets.split0,102,Texture2D,face_0028_grey 1,64,64,45,2048,,all_textures/sharedassets2.assets_102_face_0028_grey_1.png,
sharedassets2.assets.split0,103,Texture2D,Mask_10,64,64,47,5488,,all_textures/sharedassets2.assets_103_Mask_10.png,
sharedassets2.assets.split0,104,Texture2D,eff_caustic_256x256_a_014,256,256,47,87408,,all_textures/sharedassets2.assets_104_eff_caustic_256x256_a_014.png,
sharedassets2.assets.split0,105,Texture2D,eff_cup_001_2,128,128,45,10936,,all_textures/sharedassets2.assets_105_eff_cup_001_2.png,
sharedassets2.assets.split0,106,Texture2D,eff_ui_059,388,260,47,100880,,all_textures/sharedassets2.assets_106_eff_ui_059.png,
sharedassets2.assets.split0,107,Texture2D,m_0010_matcap 1,256,256,45,32768,,all_textures/sharedassets2.assets_107_m_0010_matcap_1.png,
sharedassets2.assets.split0,108,Texture2D,flare_001,256,256,45,43704,,all_textures/sharedassets2.assets_108_flare_001.png,
sharedassets2.assets.split0,109,Texture2D,eff_water_64x128_a_001,32,64,47,2768,,all_textures/sharedassets2.assets_109_eff_water_64x128_a_001.png,
sharedassets2.assets.split0,110,Texture2D,m_0010_face 1,256,128,45,16384,,all_textures/sharedassets2.assets_110_m_0010_face_1.png,
sharedassets2.assets.split0,111,Texture2D,eff_glow_006_03,128,128,45,10936,,all_textures/sharedassets2.assets_111_eff_glow_006_03.png,
sharedassets2.assets.split0,112,Texture2D,eff_light_038,256,128,45,21864,,all_textures/sharedassets2.assets_112_eff_light_038.png,
sharedassets2.assets.split0,113,Texture2D,eff_smoke_001,256,64,47,21904,,all_textures/sharedassets2.assets_113_eff_smoke_001.png,
sharedassets2.assets.split0,114,Texture2D,m_0010_eye_1,256,256,47,65536,,all_textures/sharedassets2.assets_114_m_0010_eye_1.png,
sharedassets2.assets.split0,115,Texture2D,r_0056_s_denglu0121,512,512,47,262144,,all_textures/sharedassets2.assets_115_r_0056_s_denglu0121.png,
sharedassets2.assets.split0,116,Texture2D,keji (14),256,256,45,43704,,all_textures/sharedassets2.assets_116_keji_14.png,
sharedassets2.assets.split0,117,Texture2D,eff_mask_031_2,256,256,45,43704,,all_textures/sharedassets2.assets_117_eff_mask_031_2.png,
sharedassets2.assets.split0,118,Texture2D,m_0010_grey 1,256,256,45,32768,,all_textures/sharedassets2.assets_118_m_0010_grey_1.png,
sharedassets2.assets.split0,119,Texture2D,eff_mask_026,128,128,45,10936,,all_textures/sharedassets2.assets_119_eff_mask_026.png,
sharedassets2.assets.split0,120,Texture2D,eff_mask_016,256,256,47,87408,,all_textures/sharedassets2.assets_120_eff_mask_016.png,
sharedassets2.assets.split0,121,Texture2D,eff_move_004_3,128,128,45,10936,,all_textures/sharedassets2.assets_121_eff_move_004_3.png,
sharedassets2.assets.split0,122,Texture2D,New_Graph_normal 1,512,512,45,131072,,all_textures/sharedassets2.assets_122_New_Graph_normal_1.png,
sharedassets2.assets.split0,123,Texture2D,m_0007_body,256,256,45,32768,,all_textures/sharedassets2.assets_123_m_0007_body.png,
sharedassets2.assets.split0,124,Texture2D,m_0007_1,512,512,47,262144,,all_textures/sharedassets2.assets_124_m_0007_1.png,
sharedassets2.assets.split0,125,Texture2D,eff_item_003,256,256,47,87408,,all_textures/sharedassets2.assets_125_eff_item_003.png,
sharedassets2.assets.split0,126,Texture2D,eff_line_64x256_a_003,256,64,47,21904,,all_textures/sharedassets2.assets_126_eff_line_64x256_a_003.png,
sharedassets2.assets.split0,127,Texture2D,bubbleprize_b1,128,128,47,21872,,all_textures/sharedassets2.assets_127_bubbleprize_b1.png,
sharedassets2.assets.split0,128,Texture2D,m_0007_body_s,256,256,45,32768,,all_textures/sharedassets2.assets_128_m_0007_body_s.png,
sharedassets2.assets.split0,129,Texture2D,fire_002,128,128,47,21872,,all_textures/sharedassets2.assets_129_fire_002.png,
sharedassets2.assets.split0,130,Texture2D,eff_water_256x256_a_006,128,128,47,21872,,all_textures/sharedassets2.assets_130_eff_water_256x256_a_006.png,
sharedassets2.assets.split0,131,Texture2D,m_0007_1_grey,512,512,45,131072,,all_textures/sharedassets2.assets_131_m_0007_1_grey.png,
sharedassets2.assets.split0,132,Texture2D,eff_other_004_4,256,256,45,43704,,all_textures/sharedassets2.assets_132_eff_other_004_4.png,
sharedassets2.assets.split0,133,Texture2D,eff_caustic_256x256_a_011,256,256,47,87408,,all_textures/sharedassets2.assets_133_eff_caustic_256x256_a_011.png,
sharedassets2.assets.split0,134,Texture2D,eff_electric_256x256_a_003,128,128,47,21872,,all_textures/sharedassets2.assets_134_eff_electric_256x256_a_003.png,
sharedassets2.assets.split0,135,Texture2D,sky01,512,256,47,131072,,all_textures/sharedassets2.assets_135_sky01.png,
sharedassets2.assets.split0,136,Texture2D,car_4matcap_05_test,512,512,45,174776,,all_textures/sharedassets2.assets_136_car_4matcap_05_test.png,
sharedassets2.assets.split0,137,Texture2D,flood,512,512,45,131072,,all_textures/sharedassets2.assets_137_flood.png,
sharedassets2.assets.split0,138,Texture2D,eff_mask_001_5,128,128,45,10936,,all_textures/sharedassets2.assets_138_eff_mask_001_5.png,
sharedassets2.assets.split0,139,Texture2D,m_0007_1_matcap_1,256,256,45,32768,,all_textures/sharedassets2.assets_139_m_0007_1_matcap_1.png,
sharedassets2.assets.split0,140,Texture2D,eff_caustic_512x512_a_006,256,256,47,87408,,all_textures/sharedassets2.assets_140_eff_caustic_512x512_a_006.png,
sharedassets2.assets.split0,141,Texture2D,eff_light_065,256,256,45,43704,,all_textures/sharedassets2.assets_141_eff_light_065.png,
sharedassets2.assets.split0,142,Texture2D,Street light01,512,256,47,131072,,all_textures/sharedassets2.assets_142_Street_light01.png,
sharedassets2.assets.split0,143,Texture2D,building01,1024,1024,45,524288,,all_textures/sharedassets2.assets_143_building01.png,
sharedassets2.assets.split0,144,Texture2D,r_0100_d1103,512,512,47,262144,,all_textures/sharedassets2.assets_144_r_0100_d1103.png,
sharedassets2.assets.split0,145,Texture2D,eff_mask_004_2n,128,128,45,10936,,all_textures/sharedassets2.assets_145_eff_mask_004_2n.png,
sharedassets2.assets.split0,146,Texture2D,building02,1024,1024,45,524288,,all_textures/sharedassets2.assets_146_building02.png,
sharedassets2.assets.split0,147,Texture2D,face_0029,128,128,45,8192,,all_textures/sharedassets2.assets_147_face_0029.png,
sharedassets2.assets.split0,148,Texture2D,eff_point_006,128,128,45,10936,,all_textures/sharedassets2.assets_148_eff_point_006.png,
sharedassets2.assets.split0,149,Texture2D,dengguang_01,64,64,45,2744,,all_textures/sharedassets2.assets_149_dengguang_01.png,
sharedassets2.assets.split0,150,Texture2D,r_0056_dengbloli_0121,512,512,47,262144,,all_textures/sharedassets2.assets_150_r_0056_dengbloli_0121.png,
sharedassets2.assets.split0,151,Texture2D,road03,1024,256,45,131072,,all_textures/sharedassets2.assets_151_road03.png,
sharedassets2.assets.split0,152,Texture2D,eff_mask_001_6,256,256,45,43704,,all_textures/sharedassets2.assets_152_eff_mask_001_6.png,
sharedassets2.assets.split0,153,Texture2D,f_0005_body_s,256,256,45,32768,,all_textures/sharedassets2.assets_153_f_0005_body_s.png,
sharedassets2.assets.split0,154,Texture2D,eff_mask_011,128,128,45,10936,,all_textures/sharedassets2.assets_154_eff_mask_011.png,
sharedassets2.assets.split0,155,Texture2D,New_Graph_roughness,512,512,45,131072,,all_textures/sharedassets2.assets_155_New_Graph_roughness.png,
sharedassets2.assets.split0,156,Texture2D,building05,1024,512,47,524288,,all_textures/sharedassets2.assets_156_building05.png,
sharedassets2.assets.split0,157,Texture2D,li_car_4matcap_1,512,512,45,174776,,all_textures/sharedassets2.assets_157_li_car_4matcap_1.png,
sharedassets2.assets.split0,158,Texture2D,bloodSplat001,256,256,47,87408,,all_textures/sharedassets2.assets_158_bloodSplat001.png,
sharedassets2.assets.split0,159,Texture2D,New_Graph_Shadow 2,256,256,47,65536,,all_textures/sharedassets2.assets_159_New_Graph_Shadow_2.png,
sharedassets2.assets.split0,160,Texture2D,eff_light_070,256,256,47,87408,,all_textures/sharedassets2.assets_160_eff_light_070.png,
sharedassets2.assets.split0,161,Texture2D,BloodSplat002,256,256,47,87408,,all_textures/sharedassets2.assets_161_BloodSplat002.png,
sharedassets2.assets.split0,162,Texture2D,eff_mask_001_7,128,128,45,10936,,all_textures/sharedassets2.assets_162_eff_mask_001_7.png,
sharedassets2.assets.split0,163,Texture2D,m_0010_d 1,256,256,45,32768,,all_textures/sharedassets2.assets_163_m_0010_d_1.png,
sharedassets2.assets.split0,164,Texture2D,eff_ui_039,128,128,47,16384,,all_textures/sharedassets2.assets_164_eff_ui_039.png,
sharedassets2.assets.split0,165,Texture2D,r_0056_d_denglu0121,512,512,47,262144,,all_textures/sharedassets2.assets_165_r_0056_d_denglu0121.png,
sharedassets2.assets.split0,166,Texture2D,r_0100_s_1103,512,512,47,262144,,all_textures/sharedassets2.assets_166_r_0100_s_1103.png,
sharedassets2.assets.split0,167,Texture2D,f_0005_1_matcap,256,256,45,32768,,all_textures/sharedassets2.assets_167_f_0005_1_matcap.png,
sharedassets2.assets.split0,168,Texture2D,eff_glow_002_2,128,128,45,10936,,all_textures/sharedassets2.assets_168_eff_glow_002_2.png,
sharedassets2.assets.split0,169,Texture2D,eff_mask_008,128,128,45,10936,,all_textures/sharedassets2.assets_169_eff_mask_008.png,
sharedassets2.assets.split0,170,Texture2D,eff_light_057,128,128,45,10936,,all_textures/sharedassets2.assets_170_eff_light_057.png,
sharedassets2.assets.split0,171,Texture2D,eff_move_028,256,256,45,43704,,all_textures/sharedassets2.assets_171_eff_move_028.png,
sharedassets2.assets.split0,172,Texture2D,eff_caustic_256x256_014,256,256,45,43704,,all_textures/sharedassets2.assets_172_eff_caustic_256x256_014.png,
sharedassets2.assets.split0,173,Texture2D,eff_water_002,256,256,47,87408,,all_textures/sharedassets2.assets_173_eff_water_002.png,
sharedassets2.assets.split0,174,Texture2D,npc02,1024,1024,47,1048576,images/npc02.png,all_textures/sharedassets2.assets_174_npc02.png,
sharedassets2.assets.split0,175,Texture2D,bb43e7cf16e90384d593e9da21da583f90e6c5a1180e5-tPYTD8_fw658,256,128,45,21864,,all_textures/sharedassets2.assets_175_bb43e7cf16e90384d593e9da21da583f90e6c5a1180e5-tPYTD8_fw658.png,
sharedassets2.assets.split0,176,Texture2D,eff_cloud_128x128_a_006,128,128,47,21872,,all_textures/sharedassets2.assets_176_eff_cloud_128x128_a_006.png,
sharedassets2.assets.split0,177,Texture2D,f_0005_s,256,256,45,32768,,all_textures/sharedassets2.assets_177_f_0005_s.png,
sharedassets2.assets.split0,178,Texture2D,eff_cloud_512x512_a_011,256,256,47,87408,,all_textures/sharedassets2.assets_178_eff_cloud_512x512_a_011.png,
sharedassets2.assets.split0,179,Texture2D,m_0007_matcap,256,256,45,32768,,all_textures/sharedassets2.assets_179_m_0007_matcap.png,
sharedassets2.assets.split0,180,Texture2D,m_0007_body_normal 1,256,256,45,32768,,all_textures/sharedassets2.assets_180_m_0007_body_normal_1.png,
sharedassets2.assets.split0,181,Texture2D,f_0005_body_matcap,256,256,45,32768,,all_textures/sharedassets2.assets_181_f_0005_body_matcap.png,
sharedassets2.assets.split0,182,Texture2D,r_0056_d_tiehua1,512,512,47,262144,,all_textures/sharedassets2.assets_182_r_0056_d_tiehua1.png,
sharedassets2.assets.split0,183,Texture2D,eff_line_64x256_a_004,256,64,47,21904,,all_textures/sharedassets2.assets_183_eff_line_64x256_a_004.png,
sharedassets2.assets.split0,184,Texture2D,eff_mask_046,128,128,45,10936,,all_textures/sharedassets2.assets_184_eff_mask_046.png,
sharedassets2.assets.split0,185,Texture2D,eff_water_256x256_a_009,128,128,47,21872,,all_textures/sharedassets2.assets_185_eff_water_256x256_a_009.png,
sharedassets2.assets.split0,186,Texture2D,face_03_matcap 1,128,128,47,16384,,all_textures/sharedassets2.assets_186_face_03_matcap_1.png,
sharedassets2.assets.split0,187,Texture2D,li_car_4matcap,512,512,45,174776,,all_textures/sharedassets2.assets_187_li_car_4matcap.png,
sharedassets2.assets.split0,188,Texture2D,eff_cloud_256x256_a_022,256,256,47,87408,,all_textures/sharedassets2.assets_188_eff_cloud_256x256_a_022.png,
sharedassets2.assets.split0,189,Texture2D,f_0005_body_grey,256,256,45,32768,,all_textures/sharedassets2.assets_189_f_0005_body_grey.png,
sharedassets2.assets.split0,190,Texture2D,m_0007_1_matcap,512,512,45,131072,,all_textures/sharedassets2.assets_190_m_0007_1_matcap.png,
sharedassets2.assets.split0,191,Texture2D,m_0007_body_grey,256,256,45,32768,,all_textures/sharedassets2.assets_191_m_0007_body_grey.png,
sharedassets2.assets.split0,192,Texture2D,jiemian_12,256,256,47,87408,,all_textures/sharedassets2.assets_192_jiemian_12.png,
sharedassets2.assets.split0,193,Texture2D,keji (6),128,128,47,21872,,all_textures/sharedassets2.assets_193_keji_6.png,
sharedassets2.assets.split0,194,Texture2D,eff_mask_017,256,256,47,87408,,all_textures/sharedassets2.assets_194_eff_mask_017.png,
sharedassets2.assets.split0,195,Texture2D,smk-041_cjc,128,128,47,21872,,all_textures/sharedassets2.assets_195_smk-041_cjc.png,
sharedassets2.assets.split0,196,Texture2D,eff_flare_256x256_042,128,128,45,10936,,all_textures/sharedassets2.assets_196_eff_flare_256x256_042.png,
sharedassets2.assets.split0,197,Texture2D,m_0010_mouth 1,256,128,47,32768,,all_textures/sharedassets2.assets_197_m_0010_mouth_1.png,
sharedassets2.assets.split0,198,Texture2D,eff_mask_045,128,128,45,10936,,all_textures/sharedassets2.assets_198_eff_mask_045.png,
sharedassets2.assets.split0,199,Texture2D,r_0088_s1102,512,512,47,262144,,all_textures/sharedassets2.assets_199_r_0088_s1102.png,
sharedassets2.assets.split0,200,Texture2D,r_0088_d1101_yellow,1024,1024,45,699064,,all_textures/sharedassets2.assets_200_r_0088_d1101_yellow.png,
sharedassets2.assets.split0,201,Texture2D,eff_trail_512x256_a_005,256,128,47,43728,,all_textures/sharedassets2.assets_201_eff_trail_512x256_a_005.png,
sharedassets2.assets.split0,202,Texture2D,f_0005_body_d,256,256,45,32768,,all_textures/sharedassets2.assets_202_f_0005_body_d.png,
sharedassets2.assets.split0,203,Texture2D,eff_Water_20,256,256,47,87408,,all_textures/sharedassets2.assets_203_eff_Water_20.png,
sharedassets2.assets.split0,204,Texture2D,New_Graph_Shadow,512,512,45,131072,,all_textures/sharedassets2.assets_204_New_Graph_Shadow.png,
sharedassets2.assets.split0,205,Texture2D,r_0100_tuzhuang 1,512,512,47,262144,,all_textures/sharedassets2.assets_205_r_0100_tuzhuang_1.png,
sharedassets2.assets.split0,206,Texture2D,eff_light_025,64,64,45,2744,,all_textures/sharedassets2.assets_206_eff_light_025.png,
sharedassets2.assets.split0,312,TextAsset,driver_loop,,,,488,text/driver_loop.xml,,
sharedassets2.assets.split0,313,TextAsset,idle,,,,411,text/idle.xml,,
sharedassets2.assets.split0,318,Cubemap,cubemap_wepop,512,512,45,,,,
sharedassets2.assets.split0,319,Cubemap,cubemap_0080,128,128,47,,,,
sharedassets2.assets.split0,320,Cubemap,cubemap_0088tga,128,128,47,,,,
