type,path_under_extracted,size_bytes,width,height
audio,assets/PlatformAssets/Android/audio/Init.bnk,1572,,
audio,res/raw/com_tencent_apolloqr_beep.ogg,6401,,
font,assets/fonts/FZLTCH.TTF,7768442,,
font,assets/fonts/FZLanTingHei-DB-GBK.ttf,7686464,,
image,assets/actionbanner/ic_arrow.png,8807,136,136
image,assets/actionbanner/ic_arrow_bg.png,13601,120,320
image,assets/actionbanner/ic_hand.png,7370,172,172
image,assets/background.9.png,6626,161,95
image,assets/buttonNegt.png,3309,176,71
image,assets/buttonPost.png,3378,174,69
image,assets/button_green.9.png,1671,29,41
image,assets/button_red.9.png,1399,28,42
image,assets/com.tencent.plus.bar.png,581,10,117
image,assets/com.tencent.plus.blue_disable.png,10406,132,71
image,assets/com.tencent.plus.blue_down.png,11731,132,71
image,assets/com.tencent.plus.blue_normal.png,11561,132,71
image,assets/com.tencent.plus.gray_disable.png,3801,132,71
image,assets/com.tencent.plus.gray_down.png,4536,132,71
image,assets/com.tencent.plus.gray_normal.png,4838,132,71
image,assets/com.tencent.plus.ic_error.png,1522,32,33
image,assets/com.tencent.plus.ic_success.png,1677,36,36
image,assets/com.tencent.plus.logo.png,4854,104,112
image,assets/fennen.png,3062,512,512
image,assets/h5_qr_back.png,116,26,42
image,assets/huaijiu.png,3285,512,512
image,assets/insideslide/ic_arrow_left.png,344,14,30
image,assets/insideslide/ic_arrow_right.png,341,14,30
image,assets/insideslide/ic_hand.png,3071,144,144
image,assets/landiao.png,3198,512,512
image,assets/langman.png,3175,512,512
image,assets/qingliang.png,3016,512,512
image,assets/qingxin.png,3112,512,512
image,assets/rixi.png,3224,512,512
image,assets/test.jpg,834146,704,1028
image,assets/test2.jpg,2417348,1920,1080
image,assets/test3.jpg,269648,1920,1080
image,assets/test4.jpg,118585,1198,675
image,assets/wallpaper.jpg,249794,1440,900
image,assets/weimei.png,2886,512,512
image,assets/yyb_appdetail_bg_floatingwindow.9.png,478,68,54
image,assets/yyb_appdetail_showmore.png,220,104,104
image,assets/yyb_friends.png,1500,56,56
image,assets/yyb_icon_back.png,339,22,36
image,assets/yyb_qq.png,937,56,56
image,assets/yyb_qzone.png,1201,56,56
image,assets/yyb_topbar.9.png,235,16,100
image,assets/yyb_weixin.png,1259,56,56
image,res/drawable-hdpi-v4/abc_ab_share_pack_mtrl_alpha.9.png,272,24,24
image,res/drawable-hdpi-v4/abc_btn_check_to_on_mtrl_000.png,227,48,48
image,res/drawable-hdpi-v4/abc_btn_check_to_on_mtrl_015.png,404,48,48
image,res/drawable-hdpi-v4/abc_btn_radio_to_on_mtrl_000.png,464,48,48
image,res/drawable-hdpi-v4/abc_btn_radio_to_on_mtrl_015.png,563,48,48
image,res/drawable-hdpi-v4/abc_btn_switch_to_on_mtrl_00001.9.png,1096,41,41
image,res/drawable-hdpi-v4/abc_btn_switch_to_on_mtrl_00012.9.png,1243,41,41
image,res/drawable-hdpi-v4/abc_cab_background_top_mtrl_alpha.9.png,226,36,36
image,res/drawable-hdpi-v4/abc_ic_commit_search_api_mtrl_alpha.png,171,48,48
image,res/drawable-hdpi-v4/abc_ic_menu_copy_mtrl_am_alpha.png,202,36,36
image,res/drawable-hdpi-v4/abc_ic_menu_cut_mtrl_alpha.png,404,36,36
image,res/drawable-hdpi-v4/abc_ic_menu_paste_mtrl_am_alpha.png,226,36,36
image,res/drawable-hdpi-v4/abc_ic_menu_selectall_mtrl_alpha.png,215,36,36
image,res/drawable-hdpi-v4/abc_ic_menu_share_mtrl_alpha.png,389,36,36
image,res/drawable-hdpi-v4/abc_ic_star_black_16dp.png,263,24,24
image,res/drawable-hdpi-v4/abc_ic_star_black_36dp.png,522,54,54
image,res/drawable-hdpi-v4/abc_ic_star_black_48dp.png,668,72,72
image,res/drawable-hdpi-v4/abc_ic_star_half_black_16dp.png,197,24,24
image,res/drawable-hdpi-v4/abc_ic_star_half_black_36dp.png,328,54,54
image,res/drawable-hdpi-v4/abc_ic_star_half_black_48dp.png,431,72,72
image,res/drawable-hdpi-v4/abc_list_divider_mtrl_alpha.9.png,167,1,1
image,res/drawable-hdpi-v4/abc_list_focused_holo.9.png,244,9,9
image,res/drawable-hdpi-v4/abc_list_longpressed_holo.9.png,212,9,9
image,res/drawable-hdpi-v4/abc_list_pressed_holo_dark.9.png,208,9,9
image,res/drawable-hdpi-v4/abc_list_pressed_holo_light.9.png,208,9,9
image,res/drawable-hdpi-v4/abc_list_selector_disabled_holo_dark.9.png,228,21,63
image,res/drawable-hdpi-v4/abc_list_selector_disabled_holo_light.9.png,229,21,63
image,res/drawable-hdpi-v4/abc_menu_hardkey_panel_mtrl_mult.9.png,738,96,36
image,res/drawable-hdpi-v4/abc_popup_background_mtrl_mult.9.png,1098,96,48
image,res/drawable-hdpi-v4/abc_scrubber_control_off_mtrl_alpha.png,201,18,48
image,res/drawable-hdpi-v4/abc_scrubber_control_to_pressed_mtrl_000.png,196,18,18
image,res/drawable-hdpi-v4/abc_scrubber_control_to_pressed_mtrl_005.png,272,27,27
image,res/drawable-hdpi-v4/abc_scrubber_primary_mtrl_alpha.9.png,205,15,18
image,res/drawable-hdpi-v4/abc_scrubber_track_mtrl_alpha.9.png,196,15,18
image,res/drawable-hdpi-v4/abc_spinner_mtrl_am_alpha.9.png,345,27,36
image,res/drawable-hdpi-v4/abc_switch_track_mtrl_alpha.9.png,484,35,25
image,res/drawable-hdpi-v4/abc_tab_indicator_mtrl_alpha.9.png,190,18,18
image,res/drawable-hdpi-v4/abc_text_select_handle_left_mtrl_dark.png,278,66,33
image,res/drawable-hdpi-v4/abc_text_select_handle_left_mtrl_light.png,278,66,33
image,res/drawable-hdpi-v4/abc_text_select_handle_middle_mtrl_dark.png,398,30,36
image,res/drawable-hdpi-v4/abc_text_select_handle_middle_mtrl_light.png,396,30,36
image,res/drawable-hdpi-v4/abc_text_select_handle_right_mtrl_dark.png,263,66,33
image,res/drawable-hdpi-v4/abc_text_select_handle_right_mtrl_light.png,262,66,33
image,res/drawable-hdpi-v4/abc_textfield_activated_mtrl_alpha.9.png,186,19,16
image,res/drawable-hdpi-v4/abc_textfield_default_mtrl_alpha.9.png,192,19,16
image,res/drawable-hdpi-v4/abc_textfield_search_activated_mtrl_alpha.9.png,178,18,5
image,res/drawable-hdpi-v4/abc_textfield_search_default_mtrl_alpha.9.png,178,18,5
image,res/drawable-hdpi-v4/com_tencent_msdk_notice_web_loading.png,1438,60,50
image,res/drawable-hdpi-v4/com_tencent_msdk_push_icon.png,2637,36,36
image,res/drawable-hdpi-v4/com_tencent_msdk_webview_close.png,319,36,36
image,res/drawable-hdpi-v4/com_tencent_msdk_webview_left.png,451,36,36
image,res/drawable-hdpi-v4/com_tencent_msdk_webview_left_unclickable.png,445,36,36
image,res/drawable-hdpi-v4/com_tencent_msdk_webview_more.png,490,36,36
image,res/drawable-hdpi-v4/com_tencent_msdk_webview_qqbrowser.png,990,36,36
image,res/drawable-hdpi-v4/com_tencent_msdk_webview_refresh.png,715,36,36
image,res/drawable-hdpi-v4/com_tencent_msdk_webview_right.png,443,36,36
image,res/drawable-hdpi-v4/com_tencent_msdk_webview_right_unclickable.png,442,36,36
image,res/drawable-hdpi-v4/com_tencent_msdk_webview_stop.png,316,36,36
image,res/drawable-hdpi-v4/com_tencent_tmassistant_sdk_button_bg.9.png,309,18,78
image,res/drawable-hdpi-v4/com_tencent_tmassistant_sdk_button_blue.9.png,346,18,78
image,res/drawable-hdpi-v4/com_tencent_tmassistant_sdk_button_gray.9.png,305,18,78
image,res/drawable-hdpi-v4/com_tencent_tmassistant_sdk_button_green.9.png,345,18,78
image,res/drawable-hdpi-v4/com_tencent_tmassistant_sdk_popup_bg.9.png,918,76,76
image,res/drawable-hdpi-v4/gdt_ic_download.png,659,64,64
image,res/drawable-hdpi-v4/gdt_ic_enter_fullscreen.png,1194,64,64
image,res/drawable-hdpi-v4/gdt_ic_exit_fullscreen.png,962,64,64
image,res/drawable-hdpi-v4/gdt_ic_express_back.png,263,36,36
image,res/drawable-hdpi-v4/gdt_ic_express_back_to_port.png,279,36,36
image,res/drawable-hdpi-v4/gdt_ic_express_close.png,175,36,36
image,res/drawable-hdpi-v4/gdt_ic_express_enter_fullscreen.png,271,36,36
image,res/drawable-hdpi-v4/gdt_ic_express_pause.png,994,72,72
image,res/drawable-hdpi-v4/gdt_ic_express_play.png,1063,72,72
image,res/drawable-hdpi-v4/gdt_ic_express_volume_off.png,653,36,36
image,res/drawable-hdpi-v4/gdt_ic_express_volume_on.png,566,36,36
image,res/drawable-hdpi-v4/gdt_ic_pause.png,128,64,64
image,res/drawable-hdpi-v4/gdt_ic_play.png,634,64,64
image,res/drawable-hdpi-v4/gdt_ic_progress_thumb_normal.png,266,24,24
image,res/drawable-hdpi-v4/gdt_ic_replay.png,1098,64,64
image,res/drawable-hdpi-v4/gdt_ic_seekbar_background.9.png,218,48,24
image,res/drawable-hdpi-v4/gdt_ic_seekbar_progress.9.png,233,48,24
image,res/drawable-hdpi-v4/gdt_ic_volume_off.png,1431,64,64
image,res/drawable-hdpi-v4/gdt_ic_volume_on.png,1154,64,64
image,res/drawable-hdpi-v4/msdk_thrdcall_action_sheet_base_9.9.png,2180,34,222
image,res/drawable-hdpi-v4/msdk_thrdcall_action_sheet_btn_cancel_nor.9.png,2540,33,72
image,res/drawable-hdpi-v4/msdk_thrdcall_action_sheet_btn_cancel_sel.9.png,2520,33,72
image,res/drawable-hdpi-v4/msdk_thrdcall_bg_light.9.png,224,6,64
image,res/drawable-hdpi-v4/notification_bg_low_normal.9.png,212,12,12
image,res/drawable-hdpi-v4/notification_bg_low_pressed.9.png,225,12,12
image,res/drawable-hdpi-v4/notification_bg_normal.9.png,212,12,12
image,res/drawable-hdpi-v4/notification_bg_normal_pressed.9.png,225,12,12
image,res/drawable-hdpi-v4/notify_panel_notification_icon_bg.png,107,14,14
image,res/drawable-hdpi-v4/unipay_icon_close.png,205,24,24
image,res/drawable-hdpi-v4/unipay_icon_refresh.png,252,65,43
image,res/drawable-hdpi-v4/unipay_icon_return.png,236,24,24
image,res/drawable-hdpi-v4/unipay_pic_load.png,870,48,48
image,res/drawable-hdpi-v4/unipay_pic_tipsbg_thin.9.png,330,76,60
image,res/drawable-land/msdk_policy_bg.png,53988,800,480
image,res/drawable-ldpi-v4/com_tencent_msdk_notice_web_loading.png,655,30,25
image,res/drawable-ldpi-v4/com_tencent_msdk_push_icon.png,1031,18,18
image,res/drawable-ldrtl-hdpi-v17/abc_ic_menu_copy_mtrl_am_alpha.png,199,36,36
image,res/drawable-ldrtl-hdpi-v17/abc_ic_menu_cut_mtrl_alpha.png,400,36,36
image,res/drawable-ldrtl-hdpi-v17/abc_spinner_mtrl_am_alpha.9.png,345,27,36
image,res/drawable-ldrtl-mdpi-v17/abc_ic_menu_copy_mtrl_am_alpha.png,127,24,24
image,res/drawable-ldrtl-mdpi-v17/abc_ic_menu_cut_mtrl_alpha.png,253,24,24
image,res/drawable-ldrtl-mdpi-v17/abc_spinner_mtrl_am_alpha.9.png,318,18,24
image,res/drawable-ldrtl-xhdpi-v17/abc_ic_menu_copy_mtrl_am_alpha.png,178,48,48
image,res/drawable-ldrtl-xhdpi-v17/abc_ic_menu_cut_mtrl_alpha.png,494,48,48
image,res/drawable-ldrtl-xhdpi-v17/abc_spinner_mtrl_am_alpha.9.png,417,36,48
image,res/drawable-ldrtl-xxhdpi-v17/abc_ic_menu_copy_mtrl_am_alpha.png,260,72,72
image,res/drawable-ldrtl-xxhdpi-v17/abc_ic_menu_cut_mtrl_alpha.png,705,72,72
image,res/drawable-ldrtl-xxhdpi-v17/abc_spinner_mtrl_am_alpha.9.png,525,54,72
image,res/drawable-ldrtl-xxxhdpi-v17/abc_ic_menu_copy_mtrl_am_alpha.png,325,96,96
image,res/drawable-ldrtl-xxxhdpi-v17/abc_ic_menu_cut_mtrl_alpha.png,905,96,96
image,res/drawable-ldrtl-xxxhdpi-v17/abc_spinner_mtrl_am_alpha.9.png,437,72,96
image,res/drawable-mdpi-v4/abc_ab_share_pack_mtrl_alpha.9.png,267,16,16
image,res/drawable-mdpi-v4/abc_btn_check_to_on_mtrl_000.png,214,32,32
image,res/drawable-mdpi-v4/abc_btn_check_to_on_mtrl_015.png,321,32,32
image,res/drawable-mdpi-v4/abc_btn_radio_to_on_mtrl_000.png,324,32,32
image,res/drawable-mdpi-v4/abc_btn_radio_to_on_mtrl_015.png,356,32,32
image,res/drawable-mdpi-v4/abc_btn_switch_to_on_mtrl_00001.9.png,754,27,27
image,res/drawable-mdpi-v4/abc_btn_switch_to_on_mtrl_00012.9.png,825,27,27
image,res/drawable-mdpi-v4/abc_cab_background_top_mtrl_alpha.9.png,216,24,24
image,res/drawable-mdpi-v4/abc_ic_commit_search_api_mtrl_alpha.png,173,32,32
image,res/drawable-mdpi-v4/abc_ic_menu_copy_mtrl_am_alpha.png,133,24,24
image,res/drawable-mdpi-v4/abc_ic_menu_cut_mtrl_alpha.png,251,24,24
image,res/drawable-mdpi-v4/abc_ic_menu_paste_mtrl_am_alpha.png,152,24,24
image,res/drawable-mdpi-v4/abc_ic_menu_selectall_mtrl_alpha.png,139,24,24
image,res/drawable-mdpi-v4/abc_ic_menu_share_mtrl_alpha.png,270,24,24
image,res/drawable-mdpi-v4/abc_ic_star_black_16dp.png,193,16,16
image,res/drawable-mdpi-v4/abc_ic_star_black_36dp.png,364,36,36
image,res/drawable-mdpi-v4/abc_ic_star_black_48dp.png,467,48,48
image,res/drawable-mdpi-v4/abc_ic_star_half_black_16dp.png,146,16,16
image,res/drawable-mdpi-v4/abc_ic_star_half_black_36dp.png,253,36,36
image,res/drawable-mdpi-v4/abc_ic_star_half_black_48dp.png,310,48,48
image,res/drawable-mdpi-v4/abc_list_divider_mtrl_alpha.9.png,167,1,1
image,res/drawable-mdpi-v4/abc_list_focused_holo.9.png,222,6,6
image,res/drawable-mdpi-v4/abc_list_longpressed_holo.9.png,211,6,6
image,res/drawable-mdpi-v4/abc_list_pressed_holo_dark.9.png,207,6,6
image,res/drawable-mdpi-v4/abc_list_pressed_holo_light.9.png,207,6,6
image,res/drawable-mdpi-v4/abc_list_selector_disabled_holo_dark.9.png,217,13,41
image,res/drawable-mdpi-v4/abc_list_selector_disabled_holo_light.9.png,217,13,41
image,res/drawable-mdpi-v4/abc_menu_hardkey_panel_mtrl_mult.9.png,541,64,24
image,res/drawable-mdpi-v4/abc_popup_background_mtrl_mult.9.png,776,64,32
image,res/drawable-mdpi-v4/abc_scrubber_control_off_mtrl_alpha.png,159,12,32
image,res/drawable-mdpi-v4/abc_scrubber_control_to_pressed_mtrl_000.png,145,12,12
image,res/drawable-mdpi-v4/abc_scrubber_control_to_pressed_mtrl_005.png,197,18,18
image,res/drawable-mdpi-v4/abc_scrubber_primary_mtrl_alpha.9.png,203,10,12
image,res/drawable-mdpi-v4/abc_scrubber_track_mtrl_alpha.9.png,194,10,12
image,res/drawable-mdpi-v4/abc_spinner_mtrl_am_alpha.9.png,327,18,24
image,res/drawable-mdpi-v4/abc_switch_track_mtrl_alpha.9.png,395,24,16
image,res/drawable-mdpi-v4/abc_tab_indicator_mtrl_alpha.9.png,186,12,12
image,res/drawable-mdpi-v4/abc_text_select_handle_left_mtrl_dark.png,203,44,22
image,res/drawable-mdpi-v4/abc_text_select_handle_left_mtrl_light.png,203,44,22
image,res/drawable-mdpi-v4/abc_text_select_handle_middle_mtrl_dark.png,311,20,24
image,res/drawable-mdpi-v4/abc_text_select_handle_middle_mtrl_light.png,310,20,24
image,res/drawable-mdpi-v4/abc_text_select_handle_right_mtrl_dark.png,187,44,22
image,res/drawable-mdpi-v4/abc_text_select_handle_right_mtrl_light.png,186,44,22
image,res/drawable-mdpi-v4/abc_textfield_activated_mtrl_alpha.9.png,181,12,11
image,res/drawable-mdpi-v4/abc_textfield_default_mtrl_alpha.9.png,178,12,11
image,res/drawable-mdpi-v4/abc_textfield_search_activated_mtrl_alpha.9.png,178,12,3
image,res/drawable-mdpi-v4/abc_textfield_search_default_mtrl_alpha.9.png,178,12,3
image,res/drawable-mdpi-v4/com_tencent_msdk_notice_web_loading.png,862,40,33
image,res/drawable-mdpi-v4/com_tencent_msdk_push_icon.png,1499,24,24
image,res/drawable-mdpi-v4/notification_bg_low_normal.9.png,215,8,8
image,res/drawable-mdpi-v4/notification_bg_low_pressed.9.png,223,8,8
image,res/drawable-mdpi-v4/notification_bg_normal.9.png,215,8,8
image,res/drawable-mdpi-v4/notification_bg_normal_pressed.9.png,223,8,8
image,res/drawable-mdpi-v4/notify_panel_notification_icon_bg.png,98,15,15
image,res/drawable-nodpi-v4/appfw_home_list_devider.9.png,190,34,1
image,res/drawable-xhdpi-v4/abc_ab_share_pack_mtrl_alpha.9.png,280,32,32
image,res/drawable-xhdpi-v4/abc_btn_check_to_on_mtrl_000.png,281,64,64
image,res/drawable-xhdpi-v4/abc_btn_check_to_on_mtrl_015.png,432,64,64
image,res/drawable-xhdpi-v4/abc_btn_radio_to_on_mtrl_000.png,651,64,64
image,res/drawable-xhdpi-v4/abc_btn_radio_to_on_mtrl_015.png,785,64,64
image,res/drawable-xhdpi-v4/abc_btn_switch_to_on_mtrl_00001.9.png,1526,54,54
image,res/drawable-xhdpi-v4/abc_btn_switch_to_on_mtrl_00012.9.png,1731,54,54
image,res/drawable-xhdpi-v4/abc_cab_background_top_mtrl_alpha.9.png,229,48,48
image,res/drawable-xhdpi-v4/abc_ic_commit_search_api_mtrl_alpha.png,228,64,64
image,res/drawable-xhdpi-v4/abc_ic_menu_copy_mtrl_am_alpha.png,178,48,48
image,res/drawable-xhdpi-v4/abc_ic_menu_cut_mtrl_alpha.png,492,48,48
image,res/drawable-xhdpi-v4/abc_ic_menu_paste_mtrl_am_alpha.png,243,48,48
image,res/drawable-xhdpi-v4/abc_ic_menu_selectall_mtrl_alpha.png,183,48,48
image,res/drawable-xhdpi-v4/abc_ic_menu_share_mtrl_alpha.png,480,48,48
image,res/drawable-xhdpi-v4/abc_ic_star_black_16dp.png,333,32,32
image,res/drawable-xhdpi-v4/abc_ic_star_black_36dp.png,652,72,72
image,res/drawable-xhdpi-v4/abc_ic_star_black_48dp.png,887,96,96
image,res/drawable-xhdpi-v4/abc_ic_star_half_black_16dp.png,235,32,32
image,res/drawable-xhdpi-v4/abc_ic_star_half_black_36dp.png,421,72,72
image,res/drawable-xhdpi-v4/abc_ic_star_half_black_48dp.png,548,96,96
image,res/drawable-xhdpi-v4/abc_list_divider_mtrl_alpha.9.png,167,1,1
image,res/drawable-xhdpi-v4/abc_list_focused_holo.9.png,244,12,12
image,res/drawable-xhdpi-v4/abc_list_longpressed_holo.9.png,214,12,12
image,res/drawable-xhdpi-v4/abc_list_pressed_holo_dark.9.png,209,12,12
image,res/drawable-xhdpi-v4/abc_list_pressed_holo_light.9.png,209,12,12
image,res/drawable-xhdpi-v4/abc_list_selector_disabled_holo_dark.9.png,236,28,84
image,res/drawable-xhdpi-v4/abc_list_selector_disabled_holo_light.9.png,235,28,84
image,res/drawable-xhdpi-v4/abc_menu_hardkey_panel_mtrl_mult.9.png,966,128,48
image,res/drawable-xhdpi-v4/abc_popup_background_mtrl_mult.9.png,1544,128,64
image,res/drawable-xhdpi-v4/abc_scrubber_control_off_mtrl_alpha.png,267,24,64
image,res/drawable-xhdpi-v4/abc_scrubber_control_to_pressed_mtrl_000.png,267,24,24
image,res/drawable-xhdpi-v4/abc_scrubber_control_to_pressed_mtrl_005.png,391,36,36
image,res/drawable-xhdpi-v4/abc_scrubber_primary_mtrl_alpha.9.png,208,20,24
image,res/drawable-xhdpi-v4/abc_scrubber_track_mtrl_alpha.9.png,198,20,24
image,res/drawable-xhdpi-v4/abc_spinner_mtrl_am_alpha.9.png,448,36,48
image,res/drawable-xhdpi-v4/abc_switch_track_mtrl_alpha.9.png,618,47,32
image,res/drawable-xhdpi-v4/abc_tab_indicator_mtrl_alpha.9.png,194,24,24
image,res/drawable-xhdpi-v4/abc_text_select_handle_left_mtrl_dark.png,336,88,44
image,res/drawable-xhdpi-v4/abc_text_select_handle_left_mtrl_light.png,335,88,44
image,res/drawable-xhdpi-v4/abc_text_select_handle_middle_mtrl_dark.png,583,40,48
image,res/drawable-xhdpi-v4/abc_text_select_handle_middle_mtrl_light.png,585,40,48
image,res/drawable-xhdpi-v4/abc_text_select_handle_right_mtrl_dark.png,319,88,44
image,res/drawable-xhdpi-v4/abc_text_select_handle_right_mtrl_light.png,318,88,44
image,res/drawable-xhdpi-v4/abc_textfield_activated_mtrl_alpha.9.png,189,25,22
image,res/drawable-xhdpi-v4/abc_textfield_default_mtrl_alpha.9.png,187,25,22
image,res/drawable-xhdpi-v4/abc_textfield_search_activated_mtrl_alpha.9.png,184,24,6
image,res/drawable-xhdpi-v4/abc_textfield_search_default_mtrl_alpha.9.png,182,24,6
image,res/drawable-xhdpi-v4/com_tencent_msdk_notice_popup.png,331,24,28
image,res/drawable-xhdpi-v4/com_tencent_msdk_notice_roll.png,331,24,28
image,res/drawable-xhdpi-v4/com_tencent_msdk_push_icon.png,3818,48,48
image,res/drawable-xhdpi-v4/com_tencent_msdk_webview_close.png,362,46,46
image,res/drawable-xhdpi-v4/com_tencent_msdk_webview_left.png,540,46,46
image,res/drawable-xhdpi-v4/com_tencent_msdk_webview_left_unclickable.png,537,46,46
image,res/drawable-xhdpi-v4/com_tencent_msdk_webview_more.png,561,46,46
image,res/drawable-xhdpi-v4/com_tencent_msdk_webview_qqbrowser.png,1342,46,46
image,res/drawable-xhdpi-v4/com_tencent_msdk_webview_refresh.png,934,46,46
image,res/drawable-xhdpi-v4/com_tencent_msdk_webview_right.png,537,46,46
image,res/drawable-xhdpi-v4/com_tencent_msdk_webview_right_unclickable.png,538,46,46
image,res/drawable-xhdpi-v4/com_tencent_msdk_webview_stop.png,396,46,46
image,res/drawable-xhdpi-v4/dialog_btn_savepic.png,1309,80,80
image,res/drawable-xhdpi-v4/dialog_fail_icon.png,3648,66,66
image,res/drawable-xhdpi-v4/dialog_suc_icon.png,2590,68,59
image,res/drawable-xhdpi-v4/main_common_bg.9.png,1723,252,154
image,res/drawable-xhdpi-v4/msdk_name_auth_btn_nor.9.png,549,57,68
image,res/drawable-xhdpi-v4/msdk_name_auth_btn_sel.9.png,764,65,79
image,res/drawable-xhdpi-v4/msdk_name_auth_check_nor.png,392,36,36
image,res/drawable-xhdpi-v4/msdk_name_auth_check_sel.png,642,36,36
image,res/drawable-xhdpi-v4/msdk_name_auth_close_nor.png,413,43,43
image,res/drawable-xhdpi-v4/msdk_name_auth_close_sel.png,345,43,43
image,res/drawable-xhdpi-v4/msdk_name_auth_correct.png,1456,37,37
image,res/drawable-xhdpi-v4/msdk_name_auth_error.png,948,37,37
image,res/drawable-xhdpi-v4/msdk_name_auth_item_bg.9.png,472,70,33
image,res/drawable-xhdpi-v4/msdk_name_auth_must.png,393,21,20
image,res/drawable-xhdpi-v4/msdk_name_auth_success.png,3701,155,184
image,res/drawable-xhdpi-v4/msdk_name_auth_warning.png,3057,189,167
image,res/drawable-xhdpi-v4/notification_bg_low_normal.9.png,221,16,16
image,res/drawable-xhdpi-v4/notification_bg_low_pressed.9.png,252,16,16
image,res/drawable-xhdpi-v4/notification_bg_normal.9.png,221,16,16
image,res/drawable-xhdpi-v4/notification_bg_normal_pressed.9.png,247,16,16
image,res/drawable-xhdpi-v4/notify_panel_notification_icon_bg.png,138,30,30
image,res/drawable-xhdpi-v4/psr_dot_new.png,124,10,10
image,res/drawable-xhdpi-v4/psr_ic_expand_back.png,603,54,54
image,res/drawable-xhdpi-v4/psr_ic_expand_background.png,12755,56,204
image,res/drawable-xhdpi-v4/psr_ic_expand_record.png,1474,54,54
image,res/drawable-xhdpi-v4/psr_ic_expand_video.png,760,54,54
image,res/drawable-xhdpi-v4/psr_ic_record_front.png,3936,54,54
image,res/drawable-xhdpi-v4/psr_ic_recording.png,3473,54,54
image,res/drawable-xhdpi-v4/psr_ic_recording_no_enough.png,4217,54,54
image,res/drawable-xhdpi-v4/psr_record_normal_background.png,104,54,54
image,res/drawable-xhdpi-v4/psr_recording_background.png,1627,54,54
image,res/drawable-xhdpi-v4/slugsdk_btn_back.png,2044,96,96
image,res/drawable-xhdpi-v4/slugsdk_btn_close.png,1609,96,96
image,res/drawable-xhdpi-v4/slugsdk_btn_group1_close.png,1751,88,64
image,res/drawable-xhdpi-v4/slugsdk_btn_group1_close_hover.png,1745,88,64
image,res/drawable-xhdpi-v4/slugsdk_btn_group1_menu.png,935,86,64
image,res/drawable-xhdpi-v4/slugsdk_btn_group1_menu_hover.png,921,86,64
image,res/drawable-xhdpi-v4/slugsdk_btn_group2_close.png,1688,88,64
image,res/drawable-xhdpi-v4/slugsdk_btn_group2_close_hover.png,1607,88,64
image,res/drawable-xhdpi-v4/slugsdk_btn_group2_menu.png,1002,86,64
image,res/drawable-xhdpi-v4/slugsdk_btn_group2_menu_hover.png,931,86,64
image,res/drawable-xhdpi-v4/slugsdk_btn_grouping_back.png,1691,120,96
image,res/drawable-xhdpi-v4/slugsdk_btn_grouping_close.png,1282,120,96
image,res/drawable-xhdpi-v4/slugsdk_btn_refresh.png,945,48,48
image,res/drawable-xhdpi-v4/slugsdk_loading.png,1672,60,60
image,res/drawable-xhdpi-v4/slugsdk_player_controller_danma_close.png,2640,62,37
image,res/drawable-xhdpi-v4/slugsdk_player_controller_danma_open.png,2811,61,37
image,res/drawable-xhdpi-v4/slugsdk_svideo_adult_ban_landscape.png,113598,1624,750
image,res/drawable-xhdpi-v4/slugsdk_svideo_animation_0.png,2019,94,100
image,res/drawable-xhdpi-v4/slugsdk_svideo_animation_1.png,1707,78,78
image,res/drawable-xhdpi-v4/slugsdk_svideo_animation_2.png,1841,92,90
image,res/drawable-xhdpi-v4/slugsdk_svideo_animation_3.png,1675,78,78
image,res/drawable-xhdpi-v4/slugsdk_svideo_animation_4.png,2199,104,110
image,res/drawable-xhdpi-v4/slugsdk_svideo_animation_5.png,2214,104,108
image,res/drawable-xhdpi-v4/slugsdk_svideo_animation_6.png,1913,92,92
image,res/drawable-xhdpi-v4/slugsdk_svideo_bg_error.png,879668,2446,1498
image,res/drawable-xhdpi-v4/slugsdk_svideo_btn_back.png,1414,58,74
image,res/drawable-xhdpi-v4/slugsdk_svideo_btn_pause.png,2281,152,152
image,res/drawable-xhdpi-v4/slugsdk_svideo_btn_share.png,1386,56,53
image,res/drawable-xhdpi-v4/slugsdk_svideo_controller_btn_pause.png,153,48,66
image,res/drawable-xhdpi-v4/slugsdk_svideo_controller_btn_play.png,455,62,70
image,res/drawable-xhdpi-v4/slugsdk_svideo_error_retry.png,2555,152,152
image,res/drawable-xhdpi-v4/slugsdk_svideo_loading.png,3248,72,72
image,res/drawable-xhdpi-v4/slugsdk_svideo_share_friends.png,6774,76,76
image,res/drawable-xhdpi-v4/slugsdk_svideo_share_qq.png,2476,76,77
image,res/drawable-xhdpi-v4/slugsdk_svideo_share_qzone.png,2189,38,38
image,res/drawable-xhdpi-v4/slugsdk_svideo_share_wechat.png,3764,75,75
image,res/drawable-xhdpi-v4/slugsdk_svideo_vote_select.png,919,51,49
image,res/drawable-xhdpi-v4/slugsdk_svideo_vote_unselect.png,1683,100,98
image,res/drawable-xhdpi-v4/slugsdk_title_user_icon.png,1766,55,55
image,res/drawable-xhdpi-v4/slugsdk_video_btn__play.png,559,30,30
image,res/drawable-xhdpi-v4/slugsdk_video_btn_back.png,238,21,36
image,res/drawable-xhdpi-v4/slugsdk_video_btn_enter_fullscreen.png,549,30,30
image,res/drawable-xhdpi-v4/slugsdk_video_btn_exit_fullscreen.png,538,30,30
image,res/drawable-xhdpi-v4/slugsdk_video_btn_pause.png,98,30,30
image,res/drawable-xhdpi-v4/slugsdk_video_btn_progress.png,518,24,24
image,res/drawable-xhdpi-v4/slugsdk_video_btn_replay.png,1968,80,80
image,res/drawable-xhdpi-v4/slugsdk_video_loading.png,1123,50,50
image,res/drawable-xhdpi-v4/toast_text_bg.png,7516,340,46
image,res/drawable-xxhdpi-v4/abc_ab_share_pack_mtrl_alpha.9.png,286,48,48
image,res/drawable-xxhdpi-v4/abc_btn_check_to_on_mtrl_000.png,307,96,96
image,res/drawable-xxhdpi-v4/abc_btn_check_to_on_mtrl_015.png,593,96,96
image,res/drawable-xxhdpi-v4/abc_btn_radio_to_on_mtrl_000.png,984,96,96
image,res/drawable-xxhdpi-v4/abc_btn_radio_to_on_mtrl_015.png,1208,96,96
image,res/drawable-xxhdpi-v4/abc_btn_switch_to_on_mtrl_00001.9.png,2463,81,81
image,res/drawable-xxhdpi-v4/abc_btn_switch_to_on_mtrl_00012.9.png,2834,81,81
image,res/drawable-xxhdpi-v4/abc_cab_background_top_mtrl_alpha.9.png,237,72,72
image,res/drawable-xxhdpi-v4/abc_ic_commit_search_api_mtrl_alpha.png,224,96,96
image,res/drawable-xxhdpi-v4/abc_ic_menu_copy_mtrl_am_alpha.png,263,72,72
image,res/drawable-xxhdpi-v4/abc_ic_menu_cut_mtrl_alpha.png,710,72,72
image,res/drawable-xxhdpi-v4/abc_ic_menu_paste_mtrl_am_alpha.png,348,72,72
image,res/drawable-xxhdpi-v4/abc_ic_menu_selectall_mtrl_alpha.png,262,72,72
image,res/drawable-xxhdpi-v4/abc_ic_menu_share_mtrl_alpha.png,700,72,72
image,res/drawable-xxhdpi-v4/abc_ic_star_black_16dp.png,459,48,48
image,res/drawable-xxhdpi-v4/abc_ic_star_black_36dp.png,983,108,108
image,res/drawable-xxhdpi-v4/abc_ic_star_black_48dp.png,1291,144,144
image,res/drawable-xxhdpi-v4/abc_ic_star_half_black_16dp.png,309,48,48
image,res/drawable-xxhdpi-v4/abc_ic_star_half_black_36dp.png,577,108,108
image,res/drawable-xxhdpi-v4/abc_ic_star_half_black_48dp.png,789,144,144
image,res/drawable-xxhdpi-v4/abc_list_divider_mtrl_alpha.9.png,171,2,2
image,res/drawable-xxhdpi-v4/abc_list_focused_holo.9.png,245,18,18
image,res/drawable-xxhdpi-v4/abc_list_longpressed_holo.9.png,221,18,18
image,res/drawable-xxhdpi-v4/abc_list_pressed_holo_dark.9.png,212,18,18
image,res/drawable-xxhdpi-v4/abc_list_pressed_holo_light.9.png,212,18,18
image,res/drawable-xxhdpi-v4/abc_list_selector_disabled_holo_dark.9.png,260,42,126
image,res/drawable-xxhdpi-v4/abc_list_selector_disabled_holo_light.9.png,258,42,126
image,res/drawable-xxhdpi-v4/abc_menu_hardkey_panel_mtrl_mult.9.png,1779,192,72
image,res/drawable-xxhdpi-v4/abc_popup_background_mtrl_mult.9.png,2305,192,96
image,res/drawable-xxhdpi-v4/abc_scrubber_control_off_mtrl_alpha.png,322,36,96
image,res/drawable-xxhdpi-v4/abc_scrubber_control_to_pressed_mtrl_000.png,403,36,36
image,res/drawable-xxhdpi-v4/abc_scrubber_control_to_pressed_mtrl_005.png,595,54,54
image,res/drawable-xxhdpi-v4/abc_scrubber_primary_mtrl_alpha.9.png,210,30,36
image,res/drawable-xxhdpi-v4/abc_scrubber_track_mtrl_alpha.9.png,207,30,36
image,res/drawable-xxhdpi-v4/abc_spinner_mtrl_am_alpha.9.png,524,54,72
image,res/drawable-xxhdpi-v4/abc_switch_track_mtrl_alpha.9.png,851,71,48
image,res/drawable-xxhdpi-v4/abc_tab_indicator_mtrl_alpha.9.png,204,36,36
image,res/drawable-xxhdpi-v4/abc_text_select_handle_left_mtrl_dark.png,420,132,66
image,res/drawable-xxhdpi-v4/abc_text_select_handle_left_mtrl_light.png,420,132,66
image,res/drawable-xxhdpi-v4/abc_text_select_handle_middle_mtrl_dark.png,752,60,72
image,res/drawable-xxhdpi-v4/abc_text_select_handle_middle_mtrl_light.png,753,60,72
image,res/drawable-xxhdpi-v4/abc_text_select_handle_right_mtrl_dark.png,422,132,66
image,res/drawable-xxhdpi-v4/abc_text_select_handle_right_mtrl_light.png,422,132,66
image,res/drawable-xxhdpi-v4/abc_textfield_activated_mtrl_alpha.9.png,199,38,33
image,res/drawable-xxhdpi-v4/abc_textfield_default_mtrl_alpha.9.png,200,38,33
image,res/drawable-xxhdpi-v4/abc_textfield_search_activated_mtrl_alpha.9.png,187,36,10
image,res/drawable-xxhdpi-v4/abc_textfield_search_default_mtrl_alpha.9.png,186,36,10
image,res/drawable-xxhdpi-v4/com_tencent_msdk_webview_close.png,504,70,70
image,res/drawable-xxhdpi-v4/com_tencent_msdk_webview_left.png,865,70,70
image,res/drawable-xxhdpi-v4/com_tencent_msdk_webview_left_unclickable.png,836,70,70
image,res/drawable-xxhdpi-v4/com_tencent_msdk_webview_more.png,749,70,70
image,res/drawable-xxhdpi-v4/com_tencent_msdk_webview_qqbrowser.png,2082,70,70
image,res/drawable-xxhdpi-v4/com_tencent_msdk_webview_refresh.png,1408,70,70
image,res/drawable-xxhdpi-v4/com_tencent_msdk_webview_right.png,879,70,70
image,res/drawable-xxhdpi-v4/com_tencent_msdk_webview_right_unclickable.png,883,70,70
image,res/drawable-xxhdpi-v4/com_tencent_msdk_webview_stop.png,624,70,70
image,res/drawable-xxhdpi-v4/gdt_ic_download.png,1785,128,128
image,res/drawable-xxhdpi-v4/gdt_ic_enter_fullscreen.png,4044,128,128
image,res/drawable-xxhdpi-v4/gdt_ic_exit_fullscreen.png,2409,128,128
image,res/drawable-xxhdpi-v4/gdt_ic_express_back.png,448,72,72
image,res/drawable-xxhdpi-v4/gdt_ic_express_back_to_port.png,434,72,72
image,res/drawable-xxhdpi-v4/gdt_ic_express_close.png,316,72,72
image,res/drawable-xxhdpi-v4/gdt_ic_express_enter_fullscreen.png,418,72,72
image,res/drawable-xxhdpi-v4/gdt_ic_express_pause.png,1535,144,144
image,res/drawable-xxhdpi-v4/gdt_ic_express_play.png,1594,144,144
image,res/drawable-xxhdpi-v4/gdt_ic_express_volume_off.png,1346,72,72
image,res/drawable-xxhdpi-v4/gdt_ic_express_volume_on.png,1022,72,72
image,res/drawable-xxhdpi-v4/gdt_ic_pause.png,185,128,128
image,res/drawable-xxhdpi-v4/gdt_ic_play.png,1328,128,128
image,res/drawable-xxhdpi-v4/gdt_ic_progress_thumb_normal.png,561,48,48
image,res/drawable-xxhdpi-v4/gdt_ic_replay.png,2951,128,128
image,res/drawable-xxhdpi-v4/gdt_ic_seekbar_background.9.png,281,96,47
image,res/drawable-xxhdpi-v4/gdt_ic_seekbar_progress.9.png,333,96,47
image,res/drawable-xxhdpi-v4/gdt_ic_volume_off.png,3210,128,128
image,res/drawable-xxhdpi-v4/gdt_ic_volume_on.png,2892,128,128
image,res/drawable-xxhdpi-v4/msdk_ad_first_btn_back_bkg_normal.9.png,451,20,70
image,res/drawable-xxhdpi-v4/msdk_ad_first_btn_back_bkg_pressed.9.png,441,20,70
image,res/drawable-xxhdpi-v4/msdk_ad_second_btn_back_bkg_normal.9.png,423,20,70
image,res/drawable-xxhdpi-v4/msdk_ad_second_btn_back_bkg_pressed.9.png,443,20,70
image,res/drawable-xxhdpi-v4/msdk_ad_third_btn_back_bkg_normal.9.png,410,20,70
image,res/drawable-xxhdpi-v4/msdk_ad_third_btn_back_bkg_pressed.9.png,430,20,70
image,res/drawable-xxhdpi-v4/msdk_realname_highrisk.jpg,93347,1334,750
image,res/drawable-xxhdpi-v4/msdk_thrdcall_open_by_other_browser.png,9108,180,180
image,res/drawable-xxhdpi-v4/msdk_thrdcall_open_by_qq_browser.png,6883,180,180
image,res/drawable-xxhdpi-v4/msdk_thrdcall_share_friend.png,10859,180,180
image,res/drawable-xxhdpi-v4/msdk_thrdcall_share_qq.png,6087,180,180
image,res/drawable-xxhdpi-v4/msdk_thrdcall_share_qzone.png,6275,180,180
image,res/drawable-xxhdpi-v4/msdk_thrdcall_share_weixin.png,7981,180,180
image,res/drawable-xxxhdpi-v4/abc_btn_check_to_on_mtrl_000.png,275,128,128
image,res/drawable-xxxhdpi-v4/abc_btn_check_to_on_mtrl_015.png,476,128,128
image,res/drawable-xxxhdpi-v4/abc_btn_radio_to_on_mtrl_000.png,785,128,128
image,res/drawable-xxxhdpi-v4/abc_btn_radio_to_on_mtrl_015.png,946,128,128
image,res/drawable-xxxhdpi-v4/abc_btn_switch_to_on_mtrl_00001.9.png,2505,108,108
image,res/drawable-xxxhdpi-v4/abc_btn_switch_to_on_mtrl_00012.9.png,2816,108,108
image,res/drawable-xxxhdpi-v4/abc_ic_menu_copy_mtrl_am_alpha.png,327,96,96
image,res/drawable-xxxhdpi-v4/abc_ic_menu_cut_mtrl_alpha.png,910,96,96
image,res/drawable-xxxhdpi-v4/abc_ic_menu_paste_mtrl_am_alpha.png,461,96,96
image,res/drawable-xxxhdpi-v4/abc_ic_menu_selectall_mtrl_alpha.png,305,96,96
image,res/drawable-xxxhdpi-v4/abc_ic_menu_share_mtrl_alpha.png,899,96,96
image,res/drawable-xxxhdpi-v4/abc_ic_star_black_16dp.png,599,64,64
image,res/drawable-xxxhdpi-v4/abc_ic_star_black_36dp.png,1269,144,144
image,res/drawable-xxxhdpi-v4/abc_ic_star_black_48dp.png,1680,192,192
image,res/drawable-xxxhdpi-v4/abc_ic_star_half_black_16dp.png,376,64,64
image,res/drawable-xxxhdpi-v4/abc_ic_star_half_black_36dp.png,760,144,144
image,res/drawable-xxxhdpi-v4/abc_ic_star_half_black_48dp.png,991,192,192
image,res/drawable-xxxhdpi-v4/abc_scrubber_control_to_pressed_mtrl_000.png,415,48,48
image,res/drawable-xxxhdpi-v4/abc_scrubber_control_to_pressed_mtrl_005.png,631,72,72
image,res/drawable-xxxhdpi-v4/abc_spinner_mtrl_am_alpha.9.png,430,72,96
image,res/drawable-xxxhdpi-v4/abc_switch_track_mtrl_alpha.9.png,813,94,64
image,res/drawable-xxxhdpi-v4/abc_tab_indicator_mtrl_alpha.9.png,202,48,48
image,res/drawable-xxxhdpi-v4/abc_text_select_handle_left_mtrl_dark.png,513,176,88
image,res/drawable-xxxhdpi-v4/abc_text_select_handle_left_mtrl_light.png,513,176,88
image,res/drawable-xxxhdpi-v4/abc_text_select_handle_right_mtrl_dark.png,513,176,88
image,res/drawable-xxxhdpi-v4/abc_text_select_handle_right_mtrl_light.png,513,176,88
image,res/drawable/com_tencent_apolloqr_background.png,126846,324,303
image,res/drawable/com_tencent_apolloqr_closebtn.png,6380,102,102
image,res/drawable/com_tencent_apolloqr_codebg.png,5660,818,737
image,res/drawable/com_tencent_apolloqr_line.png,3566,440,10
image,res/drawable/com_tencent_apolloqr_shadow.png,82,20,20
image,res/drawable/common_bt_b01.png,12768,344,118
image,res/drawable/common_bt_y01.png,25901,344,118
image,res/drawable/common_dianhua.png,2599,68,68
image,res/drawable/common_icon_di.9.png,1019,54,164
image,res/drawable/common_maikefeng.png,2336,68,68
image,res/drawable/common_weizhi.png,3185,68,68
image,res/drawable/common_wendang.png,1305,68,68
image,res/drawable/msdk_policy_bg.png,46277,480,800
image,res/drawable/tc_gonggao_bg.png,69443,812,472
image,res/drawable/unity_static_splash.png,41156,1136,640
image,res/mipmap-hdpi-v4/app_icon.png,10077,72,72
image,res/mipmap-hdpi-v4/app_icon_round.png,10077,72,72
image,res/mipmap-ldpi-v4/app_icon.png,3097,36,36
image,res/mipmap-ldpi-v4/app_icon_round.png,3097,36,36
image,res/mipmap-mdpi-v4/app_icon.png,5166,48,48
image,res/mipmap-mdpi-v4/app_icon_round.png,5166,48,48
image,res/mipmap-xhdpi-v4/app_icon.png,16267,96,96
image,res/mipmap-xhdpi-v4/app_icon_round.png,16267,96,96
image,res/mipmap-xxhdpi-v4/app_icon.png,32000,144,144
image,res/mipmap-xxhdpi-v4/app_icon_round.png,32000,144,144
image,res/mipmap-xxxhdpi-v4/app_icon.png,47373,192,192
image,res/mipmap-xxxhdpi-v4/app_icon_round.png,47373,192,192
video,assets/PlatformAssets/Android/video/BeginVideo.mp4,33927752,,
video,assets/test_video.mp4,3862517,,
video,assets/video.mp4,3862517,,
